--- 🚀 Starting Batch Process for 19 Manuals ---

[1/19] Processing: detergentL15.pdf
   📖 Reading PDF: detergentL15.pdf (5 pages)
   👁️  Analyzing 6 potential images...
      ✅  Valid: valid_image
      ✅  Valid: valid_image
      ✅  Valid: Washer Detergent Drawer Issue
      ✅  Valid: VALID_IMAGE
      ✅  Valid: ASL & LSQ Sign Language Interpretation Service For Samsung Technical Support
      🗑️  Skipping Junk: detergentL15_p5_img1.png
   💾 Saved 5 new entries from detergentL15.pdf. Total DB: 25

[2/19] Processing: How to Clean a Samsung DC68 Washing Machine Filter.pdf
   📖 Reading PDF: How to Clean a Samsung DC68 Washing Machine Filter.pdf (8 pages)
   👁️  Analyzing 18 potential images...
      ✅  Valid: Portrait of a Woman
      ✅  Valid: Cleaning Washing Machine Filter
      ✅  Valid: Paper Towels
      ✅  Valid: Cleaning Supplies
      ✅  Valid: Cleaning Washing Machine
      ✅  Valid: Cleaning Washing Machine
      ✅  Valid: Open Filter Door
      ✅  Valid: Cleaning Washing Machine Filter
      ✅  Valid: Turn On Washing Machine
      ✅  Valid: valid
      ✅  Valid: Cleaning Washing Machine Filter
      ✅  Valid: Cleaning Washing Machine Filter
      🗑️  Skipping Junk: How_to_Clean_a_Samsung_DC68_Washing_Machine_Filter_p3_img1.png
      ✅  Valid: Tool Kit
      ✅  Valid: Tool Kit
      ✅  Valid: Prying and Opening Tools
      ✅  Valid: Valid Image
      🗑️  Skipping Junk: How_to_Clean_a_Samsung_DC68_Washing_Machine_Filter_p7_img5.png
   💾 Saved 16 new entries from How to Clean a Samsung DC68 Washing Machine Filter.pdf. Total DB: 41

[3/19] Processing: How to Clean Samsung Washing Machine WF5M5100AW Filter and Slots.pdf
   📖 Reading PDF: How to Clean Samsung Washing Machine WF5M5100AW Filter and Slots.pdf (9 pages)
   👁️  Analyzing 31 potential images...
      🗑️  Skipping Junk: How_to_Clean_Samsung_Washing_Machine_WF5M5100AW_Filter_and_Slots_p1_img1.png
      ✅  Valid: Cleaning Supplies
      ✅  Valid: valid_image
      ✅  Valid: valid_image
      ✅  Valid: Cleaning Washing Machine Filter Panel
      ✅  Valid: Cleaning Washing Machine Filter
      🗑️  Skipping Junk: How_to_Clean_Samsung_Washing_Machine_WF5M5100AW_Filter_and_Slots_p3_img1.png
      ✅  Valid: Cleaning Washing Machine Hose
      ✅  Valid: Cleaning Washing Machine Hose
      ✅  Valid: Remove Filter
      ✅  Valid: Cleaning Washing Machine Filter
      🗑️  Skipping Junk: How_to_Clean_Samsung_Washing_Machine_WF5M5100AW_Filter_and_Slots_p4_img7.png
      ✅  Valid: Cleaning Washing Machine Filter
      ✅  Valid: Cleaning Washing Machine Filter
      ✅  Valid: Cleaning a filter
      ✅  Valid: Cleaning Filter
      ✅  Valid: Cleaning a faucet aerator
      ✅  Valid: Cleaning Washing Machine Filter
      ✅  Valid: Cleaning Washing Machine
      ✅  Valid: Cleaning Washing Machine Filter
      ✅  Valid: Cleaning Washing Machine Filter
      ✅  Valid: valid
      ✅  Valid: valid
      ✅  Valid: PLUG_AND_TURN_ON
      ✅  Valid: valid
      ✅  Valid: valid_image
      ✅  Valid: Tool Kit
      ✅  Valid: Tool Kit
      ✅  Valid: Tool Kit
      🗑️  Skipping Junk: How_to_Clean_Samsung_Washing_Machine_WF5M5100AW_Filter_and_Slots_p9_img1.png
      🗑️  Skipping Junk: How_to_Clean_Samsung_Washing_Machine_WF5M5100AW_Filter_and_Slots_p9_img2.png
   💾 Saved 26 new entries from How to Clean Samsung Washing Machine WF5M5100AW Filter and Slots.pdf. Total DB: 67

[4/19] Processing: How to Unclog a Samsung WF350ANR Washing Machine Filter.pdf
   📖 Reading PDF: How to Unclog a Samsung WF350ANR Washing Machine Filter.pdf (8 pages)
   👁️  Analyzing 36 potential images...
      🗑️  Skipping Junk: How_to_Unclog_a_Samsung_WF350ANR_Washing_Machine_Filter_p1_img1.png
      ✅  Valid: Unclogging a Washing Machine Filter
      ✅  Valid: Bucket
      ✅  Valid: Unplugging Washing Machine
      ✅  Valid: Unplugging Washing Machine
      ✅  Valid: Unclogging Washing Machine Filter
      ✅  Valid: Unclogging Washing Machine Filter
      ✅  Valid: Unclog Samsung WF350ANR Washing Machine
      ✅  Valid: Unclogging a Washing Machine
      ✅  Valid: Unclogging a Washing Machine
      🗑️  Skipping Junk: How_to_Unclog_a_Samsung_WF350ANR_Washing_Machine_Filter_p3_img12.png
      ✅  Valid: Removing the water filter compartment
      ✅  Valid: Unclogging a Samsung WF350ANR Washing Machine
      ✅  Valid: Remove water filter
      ✅  Valid: Cleaning Washing Machine Filter
      ✅  Valid: Cleaning Washing Machine Filter Slot
      ✅  Valid: Unclogging Washing Machine Filter
      ✅  Valid: Cleaning Washing Machine Filter
      ✅  Valid: Removing water filter
      ✅  Valid: Cleaning Washing Machine Filter
      ✅  Valid: Inspecting water filter for debris
      ✅  Valid: Inspecting and Cleaning the Water Filter
      ✅  Valid: Reinstalling the water filter
      ✅  Valid: Reinstalling the water filter
      ✅  Valid: Inspecting Washing Machine Filter
      ✅  Valid: Inspecting Washing Machine Filter
      ✅  Valid: Unclogging Washing Machine Filter
      ✅  Valid: Tightening the water filter
      ✅  Valid: unclogging a washing machine
      ✅  Valid: Unclogging a Washing Machine
      ✅  Valid: Pouring excess water
      ✅  Valid: Mako Driver Kit
      ✅  Valid: Tool Kit
      ✅  Valid: Tool Kit
      🗑️  Skipping Junk: How_to_Unclog_a_Samsung_WF350ANR_Washing_Machine_Filter_p7_img4.png
      🗑️  Skipping Junk: How_to_Unclog_a_Samsung_WF350ANR_Washing_Machine_Filter_p7_img5.png
   💾 Saved 32 new entries from How to Unclog a Samsung WF350ANR Washing Machine Filter.pdf. Total DB: 99

[5/19] Processing: ilide.info-washer-repair-manual-samsung-pr_0b39fd9d3a756a63c1083f74bcf34d13.pdf
   📖 Reading PDF: ilide.info-washer-repair-manual-samsung-pr_0b39fd9d3a756a63c1083f74bcf34d13.pdf (20 pages)
   👁️  Analyzing 2 potential images...
      ✅  Valid: PCB Troubleshooting
      ✅  Valid: PCB Troubleshooting
   💾 Saved 2 new entries from ilide.info-washer-repair-manual-samsung-pr_0b39fd9d3a756a63c1083f74bcf34d13.pdf. Total DB: 101

[6/19] Processing: Samsung Washer SC Code - iFixit Troubleshooting.pdf
   📖 Reading PDF: Samsung Washer SC Code - iFixit Troubleshooting.pdf (11 pages)
   👁️  Analyzing 16 potential images...
      ✅  Valid: Samsung Washer Troubleshooting
      🗑️  Skipping Junk: Samsung_Washer_SC_Code_-_iFixit_Troubleshooting_p2_img2.png
      ✅  Valid: Cleaning Washing Machine Filter
      ✅  Valid: Clogged Pump Hose
      ✅  Valid: valid_image
      ✅  Valid: Washing Machine Pump Issue
      ✅  Valid: Washing Machine Pump Repair
      ⚠️  Error on Samsung_Washer_SC_Code_-_iFixit_Troubleshooting_p9_img1.png, retrying in 5 seconds... (Error code: 429 - {'error': {'message': 'Rate limit reached for model `meta-llama/llama-4-scout-17b-16e-instruct` in organization `org_01ka2nr7p4ege85gxyvpf7mmrd` service tier `on_demand` on tokens per day (TPD): Limit 500000, Used 498859, Requested 2784. Please try again in 4m43.9104s. Need more tokens? Upgrade to Dev Tier today at https://console.groq.com/settings/billing', 'type': 'tokens', 'code': 'rate_limit_exceeded'}})
      ⚠️  Error on Samsung_Washer_SC_Code_-_iFixit_Troubleshooting_p9_img1.png, retrying in 5 seconds... (Error code: 429 - {'error': {'message': 'Rate limit reached for model `meta-llama/llama-4-scout-17b-16e-instruct` in organization `org_01ka2nr7p4ege85gxyvpf7mmrd` service tier `on_demand` on tokens per day (TPD): Limit 500000, Used 498828, Requested 2789. Please try again in 4m39.4176s. Need more tokens? Upgrade to Dev Tier today at https://console.groq.com/settings/billing', 'type': 'tokens', 'code': 'rate_limit_exceeded'}})
      ❌ Error on Samsung_Washer_SC_Code_-_iFixit_Troubleshooting_p9_img1.png: Error code: 429 - {'error': {'message': 'Rate limit reached for model `meta-llama/llama-4-scout-17b-16e-instruct` in organization `org_01ka2nr7p4ege85gxyvpf7mmrd` service tier `on_demand` on tokens per day (TPD): Limit 500000, Used 498792, Requested 2772. Please try again in 4m30.2592s. Need more tokens? Upgrade to Dev Tier today at https://console.groq.com/settings/billing', 'type': 'tokens', 'code': 'rate_limit_exceeded'}}
      ⚠️  Error on Samsung_Washer_SC_Code_-_iFixit_Troubleshooting_p9_img2.png, retrying in 5 seconds... (Error code: 429 - {'error': {'message': 'Rate limit reached for model `meta-llama/llama-4-scout-17b-16e-instruct` in organization `org_01ka2nr7p4ege85gxyvpf7mmrd` service tier `on_demand` on tokens per day (TPD): Limit 500000, Used 498791, Requested 2772. Please try again in 4m30.086399999s. Need more tokens? Upgrade to Dev Tier today at https://console.groq.com/settings/billing', 'type': 'tokens', 'code': 'rate_limit_exceeded'}})
      ⚠️  Error on Samsung_Washer_SC_Code_-_iFixit_Troubleshooting_p9_img2.png, retrying in 5 seconds... (Error code: 429 - {'error': {'message': 'Rate limit reached for model `meta-llama/llama-4-scout-17b-16e-instruct` in organization `org_01ka2nr7p4ege85gxyvpf7mmrd` service tier `on_demand` on tokens per day (TPD): Limit 500000, Used 498761, Requested 2681. Please try again in 4m9.177599999s. Need more tokens? Upgrade to Dev Tier today at https://console.groq.com/settings/billing', 'type': 'tokens', 'code': 'rate_limit_exceeded'}})
      ❌ Error on Samsung_Washer_SC_Code_-_iFixit_Troubleshooting_p9_img2.png: Error code: 429 - {'error': {'message': 'Rate limit reached for model `meta-llama/llama-4-scout-17b-16e-instruct` in organization `org_01ka2nr7p4ege85gxyvpf7mmrd` service tier `on_demand` on tokens per day (TPD): Limit 500000, Used 498730, Requested 2784. Please try again in 4m21.619199999s. Need more tokens? Upgrade to Dev Tier today at https://console.groq.com/settings/billing', 'type': 'tokens', 'code': 'rate_limit_exceeded'}}
      ⚠️  Error on Samsung_Washer_SC_Code_-_iFixit_Troubleshooting_p9_img3.png, retrying in 5 seconds... (Error code: 429 - {'error': {'message': 'Rate limit reached for model `meta-llama/llama-4-scout-17b-16e-instruct` in organization `org_01ka2nr7p4ege85gxyvpf7mmrd` service tier `on_demand` on tokens per day (TPD): Limit 500000, Used 498730, Requested 2681. Please try again in 4m3.8208s. Need more tokens? Upgrade to Dev Tier today at https://console.groq.com/settings/billing', 'type': 'tokens', 'code': 'rate_limit_exceeded'}})
      ⚠️  Error on Samsung_Washer_SC_Code_-_iFixit_Troubleshooting_p9_img3.png, retrying in 5 seconds... (Error code: 429 - {'error': {'message': 'Rate limit reached for model `meta-llama/llama-4-scout-17b-16e-instruct` in organization `org_01ka2nr7p4ege85gxyvpf7mmrd` service tier `on_demand` on tokens per day (TPD): Limit 500000, Used 498699, Requested 2784. Please try again in 4m16.2624s. Need more tokens? Upgrade to Dev Tier today at https://console.groq.com/settings/billing', 'type': 'tokens', 'code': 'rate_limit_exceeded'}})
      ❌ Error on Samsung_Washer_SC_Code_-_iFixit_Troubleshooting_p9_img3.png: Error code: 429 - {'error': {'message': 'Rate limit reached for model `meta-llama/llama-4-scout-17b-16e-instruct` in organization `org_01ka2nr7p4ege85gxyvpf7mmrd` service tier `on_demand` on tokens per day (TPD): Limit 500000, Used 498667, Requested 2784. Please try again in 4m10.7328s. Need more tokens? Upgrade to Dev Tier today at https://console.groq.com/settings/billing', 'type': 'tokens', 'code': 'rate_limit_exceeded'}}
      ⚠️  Error on Samsung_Washer_SC_Code_-_iFixit_Troubleshooting_p9_img4.png, retrying in 5 seconds... (Error code: 429 - {'error': {'message': 'Rate limit reached for model `meta-llama/llama-4-scout-17b-16e-instruct` in organization `org_01ka2nr7p4ege85gxyvpf7mmrd` service tier `on_demand` on tokens per day (TPD): Limit 500000, Used 498666, Requested 2681. Please try again in 3m52.7616s. Need more tokens? Upgrade to Dev Tier today at https://console.groq.com/settings/billing', 'type': 'tokens', 'code': 'rate_limit_exceeded'}})
      ⚠️  Error on Samsung_Washer_SC_Code_-_iFixit_Troubleshooting_p9_img4.png, retrying in 5 seconds... (Error code: 429 - {'error': {'message': 'Rate limit reached for model `meta-llama/llama-4-scout-17b-16e-instruct` in organization `org_01ka2nr7p4ege85gxyvpf7mmrd` service tier `on_demand` on tokens per day (TPD): Limit 500000, Used 498635, Requested 2772. Please try again in 4m3.1296s. Need more tokens? Upgrade to Dev Tier today at https://console.groq.com/settings/billing', 'type': 'tokens', 'code': 'rate_limit_exceeded'}})
      ❌ Error on Samsung_Washer_SC_Code_-_iFixit_Troubleshooting_p9_img4.png: Error code: 429 - {'error': {'message': 'Rate limit reached for model `meta-llama/llama-4-scout-17b-16e-instruct` in organization `org_01ka2nr7p4ege85gxyvpf7mmrd` service tier `on_demand` on tokens per day (TPD): Limit 500000, Used 498604, Requested 2772. Please try again in 3m57.7728s. Need more tokens? Upgrade to Dev Tier today at https://console.groq.com/settings/billing', 'type': 'tokens', 'code': 'rate_limit_exceeded'}}
      ⚠️  Error on Samsung_Washer_SC_Code_-_iFixit_Troubleshooting_p9_img5.png, retrying in 5 seconds... (Error code: 429 - {'error': {'message': 'Rate limit reached for model `meta-llama/llama-4-scout-17b-16e-instruct` in organization `org_01ka2nr7p4ege85gxyvpf7mmrd` service tier `on_demand` on tokens per day (TPD): Limit 500000, Used 498603, Requested 2681. Please try again in 3m41.8752s. Need more tokens? Upgrade to Dev Tier today at https://console.groq.com/settings/billing', 'type': 'tokens', 'code': 'rate_limit_exceeded'}})
      ⚠️  Error on Samsung_Washer_SC_Code_-_iFixit_Troubleshooting_p9_img5.png, retrying in 5 seconds... (Error code: 429 - {'error': {'message': 'Rate limit reached for model `meta-llama/llama-4-scout-17b-16e-instruct` in organization `org_01ka2nr7p4ege85gxyvpf7mmrd` service tier `on_demand` on tokens per day (TPD): Limit 500000, Used 498573, Requested 2784. Please try again in 3m54.4896s. Need more tokens? Upgrade to Dev Tier today at https://console.groq.com/settings/billing', 'type': 'tokens', 'code': 'rate_limit_exceeded'}})
      ❌ Error on Samsung_Washer_SC_Code_-_iFixit_Troubleshooting_p9_img5.png: Error code: 429 - {'error': {'message': 'Rate limit reached for model `meta-llama/llama-4-scout-17b-16e-instruct` in organization `org_01ka2nr7p4ege85gxyvpf7mmrd` service tier `on_demand` on tokens per day (TPD): Limit 500000, Used 498542, Requested 2784. Please try again in 3m49.132799999s. Need more tokens? Upgrade to Dev Tier today at https://console.groq.com/settings/billing', 'type': 'tokens', 'code': 'rate_limit_exceeded'}}
      ⚠️  Error on Samsung_Washer_SC_Code_-_iFixit_Troubleshooting_p9_img6.png, retrying in 5 seconds... (Error code: 429 - {'error': {'message': 'Rate limit reached for model `meta-llama/llama-4-scout-17b-16e-instruct` in organization `org_01ka2nr7p4ege85gxyvpf7mmrd` service tier `on_demand` on tokens per day (TPD): Limit 500000, Used 498542, Requested 2681. Please try again in 3m31.3344s. Need more tokens? Upgrade to Dev Tier today at https://console.groq.com/settings/billing', 'type': 'tokens', 'code': 'rate_limit_exceeded'}})
      ⚠️  Error on Samsung_Washer_SC_Code_-_iFixit_Troubleshooting_p9_img6.png, retrying in 5 seconds... (Error code: 429 - {'error': {'message': 'Rate limit reached for model `meta-llama/llama-4-scout-17b-16e-instruct` in organization `org_01ka2nr7p4ege85gxyvpf7mmrd` service tier `on_demand` on tokens per day (TPD): Limit 500000, Used 498511, Requested 2681. Please try again in 3m25.9776s. Need more tokens? Upgrade to Dev Tier today at https://console.groq.com/settings/billing', 'type': 'tokens', 'code': 'rate_limit_exceeded'}})
      ❌ Error on Samsung_Washer_SC_Code_-_iFixit_Troubleshooting_p9_img6.png: Error code: 429 - {'error': {'message': 'Rate limit reached for model `meta-llama/llama-4-scout-17b-16e-instruct` in organization `org_01ka2nr7p4ege85gxyvpf7mmrd` service tier `on_demand` on tokens per day (TPD): Limit 500000, Used 498481, Requested 2681. Please try again in 3m20.7936s. Need more tokens? Upgrade to Dev Tier today at https://console.groq.com/settings/billing', 'type': 'tokens', 'code': 'rate_limit_exceeded'}}
      ⚠️  Error on Samsung_Washer_SC_Code_-_iFixit_Troubleshooting_p9_img7.png, retrying in 5 seconds... (Error code: 429 - {'error': {'message': 'Rate limit reached for model `meta-llama/llama-4-scout-17b-16e-instruct` in organization `org_01ka2nr7p4ege85gxyvpf7mmrd` service tier `on_demand` on tokens per day (TPD): Limit 500000, Used 498480, Requested 2784. Please try again in 3m38.4192s. Need more tokens? Upgrade to Dev Tier today at https://console.groq.com/settings/billing', 'type': 'tokens', 'code': 'rate_limit_exceeded'}})
      ⚠️  Error on Samsung_Washer_SC_Code_-_iFixit_Troubleshooting_p9_img7.png, retrying in 5 seconds... (Error code: 429 - {'error': {'message': 'Rate limit reached for model `meta-llama/llama-4-scout-17b-16e-instruct` in organization `org_01ka2nr7p4ege85gxyvpf7mmrd` service tier `on_demand` on tokens per day (TPD): Limit 500000, Used 498448, Requested 2681. Please try again in 3m15.0912s. Need more tokens? Upgrade to Dev Tier today at https://console.groq.com/settings/billing', 'type': 'tokens', 'code': 'rate_limit_exceeded'}})
      ❌ Error on Samsung_Washer_SC_Code_-_iFixit_Troubleshooting_p9_img7.png: Error code: 429 - {'error': {'message': 'Rate limit reached for model `meta-llama/llama-4-scout-17b-16e-instruct` in organization `org_01ka2nr7p4ege85gxyvpf7mmrd` service tier `on_demand` on tokens per day (TPD): Limit 500000, Used 498413, Requested 2784. Please try again in 3m26.8416s. Need more tokens? Upgrade to Dev Tier today at https://console.groq.com/settings/billing', 'type': 'tokens', 'code': 'rate_limit_exceeded'}}
      ⚠️  Error on Samsung_Washer_SC_Code_-_iFixit_Troubleshooting_p10_img1.png, retrying in 5 seconds... (Error code: 429 - {'error': {'message': 'Rate limit reached for model `meta-llama/llama-4-scout-17b-16e-instruct` in organization `org_01ka2nr7p4ege85gxyvpf7mmrd` service tier `on_demand` on tokens per day (TPD): Limit 500000, Used 498412, Requested 2662. Please try again in 3m5.5872s. Need more tokens? Upgrade to Dev Tier today at https://console.groq.com/settings/billing', 'type': 'tokens', 'code': 'rate_limit_exceeded'}})
      ⚠️  Error on Samsung_Washer_SC_Code_-_iFixit_Troubleshooting_p10_img1.png, retrying in 5 seconds... (Error code: 429 - {'error': {'message': 'Rate limit reached for model `meta-llama/llama-4-scout-17b-16e-instruct` in organization `org_01ka2nr7p4ege85gxyvpf7mmrd` service tier `on_demand` on tokens per day (TPD): Limit 500000, Used 498381, Requested 2662. Please try again in 3m0.2304s. Need more tokens? Upgrade to Dev Tier today at https://console.groq.com/settings/billing', 'type': 'tokens', 'code': 'rate_limit_exceeded'}})
      ❌ Error on Samsung_Washer_SC_Code_-_iFixit_Troubleshooting_p10_img1.png: Error code: 429 - {'error': {'message': 'Rate limit reached for model `meta-llama/llama-4-scout-17b-16e-instruct` in organization `org_01ka2nr7p4ege85gxyvpf7mmrd` service tier `on_demand` on tokens per day (TPD): Limit 500000, Used 498351, Requested 2765. Please try again in 3m12.8448s. Need more tokens? Upgrade to Dev Tier today at https://console.groq.com/settings/billing', 'type': 'tokens', 'code': 'rate_limit_exceeded'}}
      ⚠️  Error on Samsung_Washer_SC_Code_-_iFixit_Troubleshooting_p10_img2.png, retrying in 5 seconds... (Error code: 429 - {'error': {'message': 'Rate limit reached for model `meta-llama/llama-4-scout-17b-16e-instruct` in organization `org_01ka2nr7p4ege85gxyvpf7mmrd` service tier `on_demand` on tokens per day (TPD): Limit 500000, Used 498350, Requested 2662. Please try again in 2m54.8736s. Need more tokens? Upgrade to Dev Tier today at https://console.groq.com/settings/billing', 'type': 'tokens', 'code': 'rate_limit_exceeded'}})
      ⚠️  Error on Samsung_Washer_SC_Code_-_iFixit_Troubleshooting_p10_img2.png, retrying in 5 seconds... (Error code: 429 - {'error': {'message': 'Rate limit reached for model `meta-llama/llama-4-scout-17b-16e-instruct` in organization `org_01ka2nr7p4ege85gxyvpf7mmrd` service tier `on_demand` on tokens per day (TPD): Limit 500000, Used 498319, Requested 2662. Please try again in 2m49.5168s. Need more tokens? Upgrade to Dev Tier today at https://console.groq.com/settings/billing', 'type': 'tokens', 'code': 'rate_limit_exceeded'}})
      ❌ Error on Samsung_Washer_SC_Code_-_iFixit_Troubleshooting_p10_img2.png: Error code: 429 - {'error': {'message': 'Rate limit reached for model `meta-llama/llama-4-scout-17b-16e-instruct` in organization `org_01ka2nr7p4ege85gxyvpf7mmrd` service tier `on_demand` on tokens per day (TPD): Limit 500000, Used 498289, Requested 2662. Please try again in 2m44.3328s. Need more tokens? Upgrade to Dev Tier today at https://console.groq.com/settings/billing', 'type': 'tokens', 'code': 'rate_limit_exceeded'}}
   💾 Saved 6 new entries from Samsung Washer SC Code - iFixit Troubleshooting.pdf. Total DB: 107

[7/19] Processing: Samsung Washer SC Code.pdf
   📖 Reading PDF: Samsung Washer SC Code.pdf (11 pages)
   👁️  Analyzing 16 potential images...
      ⚠️  Error on Samsung_Washer_SC_Code_p2_img1.png, retrying in 5 seconds... (Error code: 429 - {'error': {'message': 'Rate limit reached for model `meta-llama/llama-4-scout-17b-16e-instruct` in organization `org_01ka2nr7p4ege85gxyvpf7mmrd` service tier `on_demand` on tokens per day (TPD): Limit 500000, Used 498286, Requested 2840. Please try again in 3m14.5728s. Need more tokens? Upgrade to Dev Tier today at https://console.groq.com/settings/billing', 'type': 'tokens', 'code': 'rate_limit_exceeded'}})
      ⚠️  Error on Samsung_Washer_SC_Code_p2_img1.png, retrying in 5 seconds... (Error code: 429 - {'error': {'message': 'Rate limit reached for model `meta-llama/llama-4-scout-17b-16e-instruct` in organization `org_01ka2nr7p4ege85gxyvpf7mmrd` service tier `on_demand` on tokens per day (TPD): Limit 500000, Used 498255, Requested 2840. Please try again in 3m9.216s. Need more tokens? Upgrade to Dev Tier today at https://console.groq.com/settings/billing', 'type': 'tokens', 'code': 'rate_limit_exceeded'}})
      ❌ Error on Samsung_Washer_SC_Code_p2_img1.png: Error code: 429 - {'error': {'message': 'Rate limit reached for model `meta-llama/llama-4-scout-17b-16e-instruct` in organization `org_01ka2nr7p4ege85gxyvpf7mmrd` service tier `on_demand` on tokens per day (TPD): Limit 500000, Used 498224, Requested 2943. Please try again in 3m21.6576s. Need more tokens? Upgrade to Dev Tier today at https://console.groq.com/settings/billing', 'type': 'tokens', 'code': 'rate_limit_exceeded'}}
      ⚠️  Error on Samsung_Washer_SC_Code_p2_img2.png, retrying in 5 seconds... (Error code: 429 - {'error': {'message': 'Rate limit reached for model `meta-llama/llama-4-scout-17b-16e-instruct` in organization `org_01ka2nr7p4ege85gxyvpf7mmrd` service tier `on_demand` on tokens per day (TPD): Limit 500000, Used 498224, Requested 2943. Please try again in 3m21.6576s. Need more tokens? Upgrade to Dev Tier today at https://console.groq.com/settings/billing', 'type': 'tokens', 'code': 'rate_limit_exceeded'}})
      ⚠️  Error on Samsung_Washer_SC_Code_p2_img2.png, retrying in 5 seconds... (Error code: 429 - {'error': {'message': 'Rate limit reached for model `meta-llama/llama-4-scout-17b-16e-instruct` in organization `org_01ka2nr7p4ege85gxyvpf7mmrd` service tier `on_demand` on tokens per day (TPD): Limit 500000, Used 498194, Requested 2943. Please try again in 3m16.4736s. Need more tokens? Upgrade to Dev Tier today at https://console.groq.com/settings/billing', 'type': 'tokens', 'code': 'rate_limit_exceeded'}})
      ❌ Error on Samsung_Washer_SC_Code_p2_img2.png: Error code: 429 - {'error': {'message': 'Rate limit reached for model `meta-llama/llama-4-scout-17b-16e-instruct` in organization `org_01ka2nr7p4ege85gxyvpf7mmrd` service tier `on_demand` on tokens per day (TPD): Limit 500000, Used 498163, Requested 2840. Please try again in 2m53.3184s. Need more tokens? Upgrade to Dev Tier today at https://console.groq.com/settings/billing', 'type': 'tokens', 'code': 'rate_limit_exceeded'}}
      ⚠️  Error on Samsung_Washer_SC_Code_p4_img1.png, retrying in 5 seconds... (Error code: 429 - {'error': {'message': 'Rate limit reached for model `meta-llama/llama-4-scout-17b-16e-instruct` in organization `org_01ka2nr7p4ege85gxyvpf7mmrd` service tier `on_demand` on tokens per day (TPD): Limit 500000, Used 498163, Requested 2993. Please try again in 3m19.7568s. Need more tokens? Upgrade to Dev Tier today at https://console.groq.com/settings/billing', 'type': 'tokens', 'code': 'rate_limit_exceeded'}})
      ⚠️  Error on Samsung_Washer_SC_Code_p4_img1.png, retrying in 5 seconds... (Error code: 429 - {'error': {'message': 'Rate limit reached for model `meta-llama/llama-4-scout-17b-16e-instruct` in organization `org_01ka2nr7p4ege85gxyvpf7mmrd` service tier `on_demand` on tokens per day (TPD): Limit 500000, Used 498132, Requested 3096. Please try again in 3m32.1984s. Need more tokens? Upgrade to Dev Tier today at https://console.groq.com/settings/billing', 'type': 'tokens', 'code': 'rate_limit_exceeded'}})
      ❌ Error on Samsung_Washer_SC_Code_p4_img1.png: Error code: 429 - {'error': {'message': 'Rate limit reached for model `meta-llama/llama-4-scout-17b-16e-instruct` in organization `org_01ka2nr7p4ege85gxyvpf7mmrd` service tier `on_demand` on tokens per day (TPD): Limit 500000, Used 498101, Requested 2993. Please try again in 3m9.043199999s. Need more tokens? Upgrade to Dev Tier today at https://console.groq.com/settings/billing', 'type': 'tokens', 'code': 'rate_limit_exceeded'}}
      ⚠️  Error on Samsung_Washer_SC_Code_p5_img1.png, retrying in 5 seconds... (Error code: 429 - {'error': {'message': 'Rate limit reached for model `meta-llama/llama-4-scout-17b-16e-instruct` in organization `org_01ka2nr7p4ege85gxyvpf7mmrd` service tier `on_demand` on tokens per day (TPD): Limit 500000, Used 498100, Requested 2944. Please try again in 3m0.4032s. Need more tokens? Upgrade to Dev Tier today at https://console.groq.com/settings/billing', 'type': 'tokens', 'code': 'rate_limit_exceeded'}})
      ⚠️  Error on Samsung_Washer_SC_Code_p5_img1.png, retrying in 5 seconds... (Error code: 429 - {'error': {'message': 'Rate limit reached for model `meta-llama/llama-4-scout-17b-16e-instruct` in organization `org_01ka2nr7p4ege85gxyvpf7mmrd` service tier `on_demand` on tokens per day (TPD): Limit 500000, Used 498068, Requested 2944. Please try again in 2m54.8736s. Need more tokens? Upgrade to Dev Tier today at https://console.groq.com/settings/billing', 'type': 'tokens', 'code': 'rate_limit_exceeded'}})
      ❌ Error on Samsung_Washer_SC_Code_p5_img1.png: Error code: 429 - {'error': {'message': 'Rate limit reached for model `meta-llama/llama-4-scout-17b-16e-instruct` in organization `org_01ka2nr7p4ege85gxyvpf7mmrd` service tier `on_demand` on tokens per day (TPD): Limit 500000, Used 498036, Requested 2944. Please try again in 2m49.344s. Need more tokens? Upgrade to Dev Tier today at https://console.groq.com/settings/billing', 'type': 'tokens', 'code': 'rate_limit_exceeded'}}
      ⚠️  Error on Samsung_Washer_SC_Code_p7_img1.png, retrying in 5 seconds... (Error code: 429 - {'error': {'message': 'Rate limit reached for model `meta-llama/llama-4-scout-17b-16e-instruct` in organization `org_01ka2nr7p4ege85gxyvpf7mmrd` service tier `on_demand` on tokens per day (TPD): Limit 500000, Used 498035, Requested 3060. Please try again in 3m9.216s. Need more tokens? Upgrade to Dev Tier today at https://console.groq.com/settings/billing', 'type': 'tokens', 'code': 'rate_limit_exceeded'}})
      ⚠️  Error on Samsung_Washer_SC_Code_p7_img1.png, retrying in 5 seconds... (Error code: 429 - {'error': {'message': 'Rate limit reached for model `meta-llama/llama-4-scout-17b-16e-instruct` in organization `org_01ka2nr7p4ege85gxyvpf7mmrd` service tier `on_demand` on tokens per day (TPD): Limit 500000, Used 498004, Requested 3163. Please try again in 3m21.6576s. Need more tokens? Upgrade to Dev Tier today at https://console.groq.com/settings/billing', 'type': 'tokens', 'code': 'rate_limit_exceeded'}})
      ❌ Error on Samsung_Washer_SC_Code_p7_img1.png: Error code: 429 - {'error': {'message': 'Rate limit reached for model `meta-llama/llama-4-scout-17b-16e-instruct` in organization `org_01ka2nr7p4ege85gxyvpf7mmrd` service tier `on_demand` on tokens per day (TPD): Limit 500000, Used 497971, Requested 3163. Please try again in 3m15.9552s. Need more tokens? Upgrade to Dev Tier today at https://console.groq.com/settings/billing', 'type': 'tokens', 'code': 'rate_limit_exceeded'}}
      ⚠️  Error on Samsung_Washer_SC_Code_p8_img1.png, retrying in 5 seconds... (Error code: 429 - {'error': {'message': 'Rate limit reached for model `meta-llama/llama-4-scout-17b-16e-instruct` in organization `org_01ka2nr7p4ege85gxyvpf7mmrd` service tier `on_demand` on tokens per day (TPD): Limit 500000, Used 497970, Requested 2830. Please try again in 2m18.24s. Need more tokens? Upgrade to Dev Tier today at https://console.groq.com/settings/billing', 'type': 'tokens', 'code': 'rate_limit_exceeded'}})
      ⚠️  Error on Samsung_Washer_SC_Code_p8_img1.png, retrying in 5 seconds... (Error code: 429 - {'error': {'message': 'Rate limit reached for model `meta-llama/llama-4-scout-17b-16e-instruct` in organization `org_01ka2nr7p4ege85gxyvpf7mmrd` service tier `on_demand` on tokens per day (TPD): Limit 500000, Used 497938, Requested 2830. Please try again in 2m12.7104s. Need more tokens? Upgrade to Dev Tier today at https://console.groq.com/settings/billing', 'type': 'tokens', 'code': 'rate_limit_exceeded'}})
      ❌ Error on Samsung_Washer_SC_Code_p8_img1.png: Error code: 429 - {'error': {'message': 'Rate limit reached for model `meta-llama/llama-4-scout-17b-16e-instruct` in organization `org_01ka2nr7p4ege85gxyvpf7mmrd` service tier `on_demand` on tokens per day (TPD): Limit 500000, Used 497906, Requested 2933. Please try again in 2m24.9792s. Need more tokens? Upgrade to Dev Tier today at https://console.groq.com/settings/billing', 'type': 'tokens', 'code': 'rate_limit_exceeded'}}
      ⚠️  Error on Samsung_Washer_SC_Code_p8_img2.png, retrying in 5 seconds... (Error code: 429 - {'error': {'message': 'Rate limit reached for model `meta-llama/llama-4-scout-17b-16e-instruct` in organization `org_01ka2nr7p4ege85gxyvpf7mmrd` service tier `on_demand` on tokens per day (TPD): Limit 500000, Used 497906, Requested 2830. Please try again in 2m7.1808s. Need more tokens? Upgrade to Dev Tier today at https://console.groq.com/settings/billing', 'type': 'tokens', 'code': 'rate_limit_exceeded'}})
      ⚠️  Error on Samsung_Washer_SC_Code_p8_img2.png, retrying in 5 seconds... (Error code: 429 - {'error': {'message': 'Rate limit reached for model `meta-llama/llama-4-scout-17b-16e-instruct` in organization `org_01ka2nr7p4ege85gxyvpf7mmrd` service tier `on_demand` on tokens per day (TPD): Limit 500000, Used 497875, Requested 2830. Please try again in 2m1.824s. Need more tokens? Upgrade to Dev Tier today at https://console.groq.com/settings/billing', 'type': 'tokens', 'code': 'rate_limit_exceeded'}})
      ❌ Error on Samsung_Washer_SC_Code_p8_img2.png: Error code: 429 - {'error': {'message': 'Rate limit reached for model `meta-llama/llama-4-scout-17b-16e-instruct` in organization `org_01ka2nr7p4ege85gxyvpf7mmrd` service tier `on_demand` on tokens per day (TPD): Limit 500000, Used 497845, Requested 2830. Please try again in 1m56.64s. Need more tokens? Upgrade to Dev Tier today at https://console.groq.com/settings/billing', 'type': 'tokens', 'code': 'rate_limit_exceeded'}}
      ⚠️  Error on Samsung_Washer_SC_Code_p9_img1.png, retrying in 5 seconds... (Error code: 429 - {'error': {'message': 'Rate limit reached for model `meta-llama/llama-4-scout-17b-16e-instruct` in organization `org_01ka2nr7p4ege85gxyvpf7mmrd` service tier `on_demand` on tokens per day (TPD): Limit 500000, Used 497844, Requested 2681. Please try again in 1m30.72s. Need more tokens? Upgrade to Dev Tier today at https://console.groq.com/settings/billing', 'type': 'tokens', 'code': 'rate_limit_exceeded'}})
      ⚠️  Error on Samsung_Washer_SC_Code_p9_img1.png, retrying in 5 seconds... (Error code: 429 - {'error': {'message': 'Rate limit reached for model `meta-llama/llama-4-scout-17b-16e-instruct` in organization `org_01ka2nr7p4ege85gxyvpf7mmrd` service tier `on_demand` on tokens per day (TPD): Limit 500000, Used 497813, Requested 2681. Please try again in 1m25.363199999s. Need more tokens? Upgrade to Dev Tier today at https://console.groq.com/settings/billing', 'type': 'tokens', 'code': 'rate_limit_exceeded'}})
      ❌ Error on Samsung_Washer_SC_Code_p9_img1.png: Error code: 429 - {'error': {'message': 'Rate limit reached for model `meta-llama/llama-4-scout-17b-16e-instruct` in organization `org_01ka2nr7p4ege85gxyvpf7mmrd` service tier `on_demand` on tokens per day (TPD): Limit 500000, Used 497782, Requested 2784. Please try again in 1m37.8048s. Need more tokens? Upgrade to Dev Tier today at https://console.groq.com/settings/billing', 'type': 'tokens', 'code': 'rate_limit_exceeded'}}
      ⚠️  Error on Samsung_Washer_SC_Code_p9_img2.png, retrying in 5 seconds... (Error code: 429 - {'error': {'message': 'Rate limit reached for model `meta-llama/llama-4-scout-17b-16e-instruct` in organization `org_01ka2nr7p4ege85gxyvpf7mmrd` service tier `on_demand` on tokens per day (TPD): Limit 500000, Used 497781, Requested 2681. Please try again in 1m19.8336s. Need more tokens? Upgrade to Dev Tier today at https://console.groq.com/settings/billing', 'type': 'tokens', 'code': 'rate_limit_exceeded'}})
      ⚠️  Error on Samsung_Washer_SC_Code_p9_img2.png, retrying in 5 seconds... (Error code: 429 - {'error': {'message': 'Rate limit reached for model `meta-llama/llama-4-scout-17b-16e-instruct` in organization `org_01ka2nr7p4ege85gxyvpf7mmrd` service tier `on_demand` on tokens per day (TPD): Limit 500000, Used 497751, Requested 2681. Please try again in 1m14.6496s. Need more tokens? Upgrade to Dev Tier today at https://console.groq.com/settings/billing', 'type': 'tokens', 'code': 'rate_limit_exceeded'}})
      ❌ Error on Samsung_Washer_SC_Code_p9_img2.png: Error code: 429 - {'error': {'message': 'Rate limit reached for model `meta-llama/llama-4-scout-17b-16e-instruct` in organization `org_01ka2nr7p4ege85gxyvpf7mmrd` service tier `on_demand` on tokens per day (TPD): Limit 500000, Used 497721, Requested 2784. Please try again in 1m27.264s. Need more tokens? Upgrade to Dev Tier today at https://console.groq.com/settings/billing', 'type': 'tokens', 'code': 'rate_limit_exceeded'}}
      ⚠️  Error on Samsung_Washer_SC_Code_p9_img3.png, retrying in 5 seconds... (Error code: 429 - {'error': {'message': 'Rate limit reached for model `meta-llama/llama-4-scout-17b-16e-instruct` in organization `org_01ka2nr7p4ege85gxyvpf7mmrd` service tier `on_demand` on tokens per day (TPD): Limit 500000, Used 497720, Requested 2681. Please try again in 1m9.2928s. Need more tokens? Upgrade to Dev Tier today at https://console.groq.com/settings/billing', 'type': 'tokens', 'code': 'rate_limit_exceeded'}})
      ⚠️  Error on Samsung_Washer_SC_Code_p9_img3.png, retrying in 5 seconds... (Error code: 429 - {'error': {'message': 'Rate limit reached for model `meta-llama/llama-4-scout-17b-16e-instruct` in organization `org_01ka2nr7p4ege85gxyvpf7mmrd` service tier `on_demand` on tokens per day (TPD): Limit 500000, Used 497689, Requested 2681. Please try again in 1m3.936s. Need more tokens? Upgrade to Dev Tier today at https://console.groq.com/settings/billing', 'type': 'tokens', 'code': 'rate_limit_exceeded'}})
      🗑️  Skipping Junk: Samsung_Washer_SC_Code_p9_img3.png
      ⚠️  Error on Samsung_Washer_SC_Code_p9_img4.png, retrying in 5 seconds... (Error code: 429 - {'error': {'message': 'Rate limit reached for model `meta-llama/llama-4-scout-17b-16e-instruct` in organization `org_01ka2nr7p4ege85gxyvpf7mmrd` service tier `on_demand` on tokens per day (TPD): Limit 500000, Used 500000, Requested 2784. Please try again in 8m1.0752s. Need more tokens? Upgrade to Dev Tier today at https://console.groq.com/settings/billing', 'type': 'tokens', 'code': 'rate_limit_exceeded'}})
      ⚠️  Error on Samsung_Washer_SC_Code_p9_img4.png, retrying in 5 seconds... (Error code: 429 - {'error': {'message': 'Rate limit reached for model `meta-llama/llama-4-scout-17b-16e-instruct` in organization `org_01ka2nr7p4ege85gxyvpf7mmrd` service tier `on_demand` on tokens per day (TPD): Limit 500000, Used 499969, Requested 2784. Please try again in 7m55.7184s. Need more tokens? Upgrade to Dev Tier today at https://console.groq.com/settings/billing', 'type': 'tokens', 'code': 'rate_limit_exceeded'}})
      ❌ Error on Samsung_Washer_SC_Code_p9_img4.png: Error code: 429 - {'error': {'message': 'Rate limit reached for model `meta-llama/llama-4-scout-17b-16e-instruct` in organization `org_01ka2nr7p4ege85gxyvpf7mmrd` service tier `on_demand` on tokens per day (TPD): Limit 500000, Used 499939, Requested 2784. Please try again in 7m50.5344s. Need more tokens? Upgrade to Dev Tier today at https://console.groq.com/settings/billing', 'type': 'tokens', 'code': 'rate_limit_exceeded'}}
      ⚠️  Error on Samsung_Washer_SC_Code_p9_img5.png, retrying in 5 seconds... (Error code: 429 - {'error': {'message': 'Rate limit reached for model `meta-llama/llama-4-scout-17b-16e-instruct` in organization `org_01ka2nr7p4ege85gxyvpf7mmrd` service tier `on_demand` on tokens per day (TPD): Limit 500000, Used 499939, Requested 2705. Please try again in 7m36.8832s. Need more tokens? Upgrade to Dev Tier today at https://console.groq.com/settings/billing', 'type': 'tokens', 'code': 'rate_limit_exceeded'}})
      ⚠️  Error on Samsung_Washer_SC_Code_p9_img5.png, retrying in 5 seconds... (Error code: 429 - {'error': {'message': 'Rate limit reached for model `meta-llama/llama-4-scout-17b-16e-instruct` in organization `org_01ka2nr7p4ege85gxyvpf7mmrd` service tier `on_demand` on tokens per day (TPD): Limit 500000, Used 499908, Requested 2784. Please try again in 7m45.1776s. Need more tokens? Upgrade to Dev Tier today at https://console.groq.com/settings/billing', 'type': 'tokens', 'code': 'rate_limit_exceeded'}})
      ❌ Error on Samsung_Washer_SC_Code_p9_img5.png: Error code: 429 - {'error': {'message': 'Rate limit reached for model `meta-llama/llama-4-scout-17b-16e-instruct` in organization `org_01ka2nr7p4ege85gxyvpf7mmrd` service tier `on_demand` on tokens per day (TPD): Limit 500000, Used 499878, Requested 2681. Please try again in 7m22.1952s. Need more tokens? Upgrade to Dev Tier today at https://console.groq.com/settings/billing', 'type': 'tokens', 'code': 'rate_limit_exceeded'}}
      ⚠️  Error on Samsung_Washer_SC_Code_p9_img6.png, retrying in 5 seconds... (Error code: 429 - {'error': {'message': 'Rate limit reached for model `meta-llama/llama-4-scout-17b-16e-instruct` in organization `org_01ka2nr7p4ege85gxyvpf7mmrd` service tier `on_demand` on tokens per day (TPD): Limit 500000, Used 499878, Requested 2681. Please try again in 7m22.1952s. Need more tokens? Upgrade to Dev Tier today at https://console.groq.com/settings/billing', 'type': 'tokens', 'code': 'rate_limit_exceeded'}})
      ⚠️  Error on Samsung_Washer_SC_Code_p9_img6.png, retrying in 5 seconds... (Error code: 429 - {'error': {'message': 'Rate limit reached for model `meta-llama/llama-4-scout-17b-16e-instruct` in organization `org_01ka2nr7p4ege85gxyvpf7mmrd` service tier `on_demand` on tokens per day (TPD): Limit 500000, Used 499847, Requested 2681. Please try again in 7m16.8384s. Need more tokens? Upgrade to Dev Tier today at https://console.groq.com/settings/billing', 'type': 'tokens', 'code': 'rate_limit_exceeded'}})
      ❌ Error on Samsung_Washer_SC_Code_p9_img6.png: Error code: 429 - {'error': {'message': 'Rate limit reached for model `meta-llama/llama-4-scout-17b-16e-instruct` in organization `org_01ka2nr7p4ege85gxyvpf7mmrd` service tier `on_demand` on tokens per day (TPD): Limit 500000, Used 499816, Requested 2784. Please try again in 7m29.28s. Need more tokens? Upgrade to Dev Tier today at https://console.groq.com/settings/billing', 'type': 'tokens', 'code': 'rate_limit_exceeded'}}
      ⚠️  Error on Samsung_Washer_SC_Code_p9_img7.png, retrying in 5 seconds... (Error code: 429 - {'error': {'message': 'Rate limit reached for model `meta-llama/llama-4-scout-17b-16e-instruct` in organization `org_01ka2nr7p4ege85gxyvpf7mmrd` service tier `on_demand` on tokens per day (TPD): Limit 500000, Used 499815, Requested 2705. Please try again in 7m15.456s. Need more tokens? Upgrade to Dev Tier today at https://console.groq.com/settings/billing', 'type': 'tokens', 'code': 'rate_limit_exceeded'}})
      ⚠️  Error on Samsung_Washer_SC_Code_p9_img7.png, retrying in 5 seconds... (Error code: 429 - {'error': {'message': 'Rate limit reached for model `meta-llama/llama-4-scout-17b-16e-instruct` in organization `org_01ka2nr7p4ege85gxyvpf7mmrd` service tier `on_demand` on tokens per day (TPD): Limit 500000, Used 499785, Requested 2705. Please try again in 7m10.272s. Need more tokens? Upgrade to Dev Tier today at https://console.groq.com/settings/billing', 'type': 'tokens', 'code': 'rate_limit_exceeded'}})
      ❌ Error on Samsung_Washer_SC_Code_p9_img7.png: Error code: 429 - {'error': {'message': 'Rate limit reached for model `meta-llama/llama-4-scout-17b-16e-instruct` in organization `org_01ka2nr7p4ege85gxyvpf7mmrd` service tier `on_demand` on tokens per day (TPD): Limit 500000, Used 499754, Requested 2705. Please try again in 7m4.9152s. Need more tokens? Upgrade to Dev Tier today at https://console.groq.com/settings/billing', 'type': 'tokens', 'code': 'rate_limit_exceeded'}}
      ⚠️  Error on Samsung_Washer_SC_Code_p10_img1.png, retrying in 5 seconds... (Error code: 429 - {'error': {'message': 'Rate limit reached for model `meta-llama/llama-4-scout-17b-16e-instruct` in organization `org_01ka2nr7p4ege85gxyvpf7mmrd` service tier `on_demand` on tokens per day (TPD): Limit 500000, Used 499754, Requested 2686. Please try again in 7m1.632s. Need more tokens? Upgrade to Dev Tier today at https://console.groq.com/settings/billing', 'type': 'tokens', 'code': 'rate_limit_exceeded'}})
      ⚠️  Error on Samsung_Washer_SC_Code_p10_img1.png, retrying in 5 seconds... (Error code: 429 - {'error': {'message': 'Rate limit reached for model `meta-llama/llama-4-scout-17b-16e-instruct` in organization `org_01ka2nr7p4ege85gxyvpf7mmrd` service tier `on_demand` on tokens per day (TPD): Limit 500000, Used 499723, Requested 2765. Please try again in 7m9.9264s. Need more tokens? Upgrade to Dev Tier today at https://console.groq.com/settings/billing', 'type': 'tokens', 'code': 'rate_limit_exceeded'}})
      ❌ Error on Samsung_Washer_SC_Code_p10_img1.png: Error code: 429 - {'error': {'message': 'Rate limit reached for model `meta-llama/llama-4-scout-17b-16e-instruct` in organization `org_01ka2nr7p4ege85gxyvpf7mmrd` service tier `on_demand` on tokens per day (TPD): Limit 500000, Used 499693, Requested 2662. Please try again in 6m46.943999999s. Need more tokens? Upgrade to Dev Tier today at https://console.groq.com/settings/billing', 'type': 'tokens', 'code': 'rate_limit_exceeded'}}
      ⚠️  Error on Samsung_Washer_SC_Code_p10_img2.png, retrying in 5 seconds... (Error code: 429 - {'error': {'message': 'Rate limit reached for model `meta-llama/llama-4-scout-17b-16e-instruct` in organization `org_01ka2nr7p4ege85gxyvpf7mmrd` service tier `on_demand` on tokens per day (TPD): Limit 500000, Used 499693, Requested 2686. Please try again in 6m51.0912s. Need more tokens? Upgrade to Dev Tier today at https://console.groq.com/settings/billing', 'type': 'tokens', 'code': 'rate_limit_exceeded'}})
      ⚠️  Error on Samsung_Washer_SC_Code_p10_img2.png, retrying in 5 seconds... (Error code: 429 - {'error': {'message': 'Rate limit reached for model `meta-llama/llama-4-scout-17b-16e-instruct` in organization `org_01ka2nr7p4ege85gxyvpf7mmrd` service tier `on_demand` on tokens per day (TPD): Limit 500000, Used 499662, Requested 2662. Please try again in 6m41.5872s. Need more tokens? Upgrade to Dev Tier today at https://console.groq.com/settings/billing', 'type': 'tokens', 'code': 'rate_limit_exceeded'}})
      ❌ Error on Samsung_Washer_SC_Code_p10_img2.png: Error code: 429 - {'error': {'message': 'Rate limit reached for model `meta-llama/llama-4-scout-17b-16e-instruct` in organization `org_01ka2nr7p4ege85gxyvpf7mmrd` service tier `on_demand` on tokens per day (TPD): Limit 500000, Used 499628, Requested 2662. Please try again in 6m35.712s. Need more tokens? Upgrade to Dev Tier today at https://console.groq.com/settings/billing', 'type': 'tokens', 'code': 'rate_limit_exceeded'}}
   💾 Saved 0 new entries from Samsung Washer SC Code.pdf. Total DB: 107

[8/19] Processing: Samsung Washing Machine Error Codes.pdf
   📖 Reading PDF: Samsung Washing Machine Error Codes.pdf (8 pages)
   👁️  Analyzing 12 potential images...
      ⚠️  Error on Samsung_Washing_Machine_Error_Codes_p2_img1.png, retrying in 5 seconds... (Error code: 429 - {'error': {'message': 'Rate limit reached for model `meta-llama/llama-4-scout-17b-16e-instruct` in organization `org_01ka2nr7p4ege85gxyvpf7mmrd` service tier `on_demand` on tokens per day (TPD): Limit 500000, Used 499625, Requested 3048. Please try again in 7m41.8944s. Need more tokens? Upgrade to Dev Tier today at https://console.groq.com/settings/billing', 'type': 'tokens', 'code': 'rate_limit_exceeded'}})
      ⚠️  Error on Samsung_Washing_Machine_Error_Codes_p2_img1.png, retrying in 5 seconds... (Error code: 429 - {'error': {'message': 'Rate limit reached for model `meta-llama/llama-4-scout-17b-16e-instruct` in organization `org_01ka2nr7p4ege85gxyvpf7mmrd` service tier `on_demand` on tokens per day (TPD): Limit 500000, Used 499587, Requested 3048. Please try again in 7m35.328s. Need more tokens? Upgrade to Dev Tier today at https://console.groq.com/settings/billing', 'type': 'tokens', 'code': 'rate_limit_exceeded'}})
      ❌ Error on Samsung_Washing_Machine_Error_Codes_p2_img1.png: Error code: 429 - {'error': {'message': 'Rate limit reached for model `meta-llama/llama-4-scout-17b-16e-instruct` in organization `org_01ka2nr7p4ege85gxyvpf7mmrd` service tier `on_demand` on tokens per day (TPD): Limit 500000, Used 499553, Requested 3072. Please try again in 7m33.6s. Need more tokens? Upgrade to Dev Tier today at https://console.groq.com/settings/billing', 'type': 'tokens', 'code': 'rate_limit_exceeded'}}
      ⚠️  Error on Samsung_Washing_Machine_Error_Codes_p2_img2.png, retrying in 5 seconds... (Error code: 429 - {'error': {'message': 'Rate limit reached for model `meta-llama/llama-4-scout-17b-16e-instruct` in organization `org_01ka2nr7p4ege85gxyvpf7mmrd` service tier `on_demand` on tokens per day (TPD): Limit 500000, Used 499552, Requested 3072. Please try again in 7m33.4272s. Need more tokens? Upgrade to Dev Tier today at https://console.groq.com/settings/billing', 'type': 'tokens', 'code': 'rate_limit_exceeded'}})
      ⚠️  Error on Samsung_Washing_Machine_Error_Codes_p2_img2.png, retrying in 5 seconds... (Error code: 429 - {'error': {'message': 'Rate limit reached for model `meta-llama/llama-4-scout-17b-16e-instruct` in organization `org_01ka2nr7p4ege85gxyvpf7mmrd` service tier `on_demand` on tokens per day (TPD): Limit 500000, Used 499521, Requested 3048. Please try again in 7m23.9232s. Need more tokens? Upgrade to Dev Tier today at https://console.groq.com/settings/billing', 'type': 'tokens', 'code': 'rate_limit_exceeded'}})
      ❌ Error on Samsung_Washing_Machine_Error_Codes_p2_img2.png: Error code: 429 - {'error': {'message': 'Rate limit reached for model `meta-llama/llama-4-scout-17b-16e-instruct` in organization `org_01ka2nr7p4ege85gxyvpf7mmrd` service tier `on_demand` on tokens per day (TPD): Limit 500000, Used 499490, Requested 3048. Please try again in 7m18.5664s. Need more tokens? Upgrade to Dev Tier today at https://console.groq.com/settings/billing', 'type': 'tokens', 'code': 'rate_limit_exceeded'}}
      ⚠️  Error on Samsung_Washing_Machine_Error_Codes_p5_img1.png, retrying in 5 seconds... (Error code: 429 - {'error': {'message': 'Rate limit reached for model `meta-llama/llama-4-scout-17b-16e-instruct` in organization `org_01ka2nr7p4ege85gxyvpf7mmrd` service tier `on_demand` on tokens per day (TPD): Limit 500000, Used 499490, Requested 2802. Please try again in 6m36.0576s. Need more tokens? Upgrade to Dev Tier today at https://console.groq.com/settings/billing', 'type': 'tokens', 'code': 'rate_limit_exceeded'}})
      ⚠️  Error on Samsung_Washing_Machine_Error_Codes_p5_img1.png, retrying in 5 seconds... (Error code: 429 - {'error': {'message': 'Rate limit reached for model `meta-llama/llama-4-scout-17b-16e-instruct` in organization `org_01ka2nr7p4ege85gxyvpf7mmrd` service tier `on_demand` on tokens per day (TPD): Limit 500000, Used 499459, Requested 2802. Please try again in 6m30.7008s. Need more tokens? Upgrade to Dev Tier today at https://console.groq.com/settings/billing', 'type': 'tokens', 'code': 'rate_limit_exceeded'}})
      ❌ Error on Samsung_Washing_Machine_Error_Codes_p5_img1.png: Error code: 429 - {'error': {'message': 'Rate limit reached for model `meta-llama/llama-4-scout-17b-16e-instruct` in organization `org_01ka2nr7p4ege85gxyvpf7mmrd` service tier `on_demand` on tokens per day (TPD): Limit 500000, Used 499427, Requested 2802. Please try again in 6m25.1712s. Need more tokens? Upgrade to Dev Tier today at https://console.groq.com/settings/billing', 'type': 'tokens', 'code': 'rate_limit_exceeded'}}
      ⚠️  Error on Samsung_Washing_Machine_Error_Codes_p5_img2.png, retrying in 5 seconds... (Error code: 429 - {'error': {'message': 'Rate limit reached for model `meta-llama/llama-4-scout-17b-16e-instruct` in organization `org_01ka2nr7p4ege85gxyvpf7mmrd` service tier `on_demand` on tokens per day (TPD): Limit 500000, Used 499426, Requested 2802. Please try again in 6m24.9984s. Need more tokens? Upgrade to Dev Tier today at https://console.groq.com/settings/billing', 'type': 'tokens', 'code': 'rate_limit_exceeded'}})
      ⚠️  Error on Samsung_Washing_Machine_Error_Codes_p5_img2.png, retrying in 5 seconds... (Error code: 429 - {'error': {'message': 'Rate limit reached for model `meta-llama/llama-4-scout-17b-16e-instruct` in organization `org_01ka2nr7p4ege85gxyvpf7mmrd` service tier `on_demand` on tokens per day (TPD): Limit 500000, Used 499396, Requested 2802. Please try again in 6m19.8144s. Need more tokens? Upgrade to Dev Tier today at https://console.groq.com/settings/billing', 'type': 'tokens', 'code': 'rate_limit_exceeded'}})
      ❌ Error on Samsung_Washing_Machine_Error_Codes_p5_img2.png: Error code: 429 - {'error': {'message': 'Rate limit reached for model `meta-llama/llama-4-scout-17b-16e-instruct` in organization `org_01ka2nr7p4ege85gxyvpf7mmrd` service tier `on_demand` on tokens per day (TPD): Limit 500000, Used 499366, Requested 2802. Please try again in 6m14.630399999s. Need more tokens? Upgrade to Dev Tier today at https://console.groq.com/settings/billing', 'type': 'tokens', 'code': 'rate_limit_exceeded'}}
      ⚠️  Error on Samsung_Washing_Machine_Error_Codes_p5_img3.png, retrying in 5 seconds... (Error code: 429 - {'error': {'message': 'Rate limit reached for model `meta-llama/llama-4-scout-17b-16e-instruct` in organization `org_01ka2nr7p4ege85gxyvpf7mmrd` service tier `on_demand` on tokens per day (TPD): Limit 500000, Used 499365, Requested 2802. Please try again in 6m14.4576s. Need more tokens? Upgrade to Dev Tier today at https://console.groq.com/settings/billing', 'type': 'tokens', 'code': 'rate_limit_exceeded'}})
      ⚠️  Error on Samsung_Washing_Machine_Error_Codes_p5_img3.png, retrying in 5 seconds... (Error code: 429 - {'error': {'message': 'Rate limit reached for model `meta-llama/llama-4-scout-17b-16e-instruct` in organization `org_01ka2nr7p4ege85gxyvpf7mmrd` service tier `on_demand` on tokens per day (TPD): Limit 500000, Used 499335, Requested 2802. Please try again in 6m9.2736s. Need more tokens? Upgrade to Dev Tier today at https://console.groq.com/settings/billing', 'type': 'tokens', 'code': 'rate_limit_exceeded'}})
      ❌ Error on Samsung_Washing_Machine_Error_Codes_p5_img3.png: Error code: 429 - {'error': {'message': 'Rate limit reached for model `meta-llama/llama-4-scout-17b-16e-instruct` in organization `org_01ka2nr7p4ege85gxyvpf7mmrd` service tier `on_demand` on tokens per day (TPD): Limit 500000, Used 499305, Requested 2802. Please try again in 6m4.089599999s. Need more tokens? Upgrade to Dev Tier today at https://console.groq.com/settings/billing', 'type': 'tokens', 'code': 'rate_limit_exceeded'}}
      ⚠️  Error on Samsung_Washing_Machine_Error_Codes_p5_img4.png, retrying in 5 seconds... (Error code: 429 - {'error': {'message': 'Rate limit reached for model `meta-llama/llama-4-scout-17b-16e-instruct` in organization `org_01ka2nr7p4ege85gxyvpf7mmrd` service tier `on_demand` on tokens per day (TPD): Limit 500000, Used 499304, Requested 2802. Please try again in 6m3.916799999s. Need more tokens? Upgrade to Dev Tier today at https://console.groq.com/settings/billing', 'type': 'tokens', 'code': 'rate_limit_exceeded'}})
      ⚠️  Error on Samsung_Washing_Machine_Error_Codes_p5_img4.png, retrying in 5 seconds... (Error code: 429 - {'error': {'message': 'Rate limit reached for model `meta-llama/llama-4-scout-17b-16e-instruct` in organization `org_01ka2nr7p4ege85gxyvpf7mmrd` service tier `on_demand` on tokens per day (TPD): Limit 500000, Used 499274, Requested 2826. Please try again in 6m2.88s. Need more tokens? Upgrade to Dev Tier today at https://console.groq.com/settings/billing', 'type': 'tokens', 'code': 'rate_limit_exceeded'}})
      ❌ Error on Samsung_Washing_Machine_Error_Codes_p5_img4.png: Error code: 429 - {'error': {'message': 'Rate limit reached for model `meta-llama/llama-4-scout-17b-16e-instruct` in organization `org_01ka2nr7p4ege85gxyvpf7mmrd` service tier `on_demand` on tokens per day (TPD): Limit 500000, Used 499244, Requested 2802. Please try again in 5m53.5488s. Need more tokens? Upgrade to Dev Tier today at https://console.groq.com/settings/billing', 'type': 'tokens', 'code': 'rate_limit_exceeded'}}
      ⚠️  Error on Samsung_Washing_Machine_Error_Codes_p6_img1.png, retrying in 5 seconds... (Error code: 429 - {'error': {'message': 'Rate limit reached for model `meta-llama/llama-4-scout-17b-16e-instruct` in organization `org_01ka2nr7p4ege85gxyvpf7mmrd` service tier `on_demand` on tokens per day (TPD): Limit 500000, Used 499243, Requested 2685. Please try again in 5m33.1584s. Need more tokens? Upgrade to Dev Tier today at https://console.groq.com/settings/billing', 'type': 'tokens', 'code': 'rate_limit_exceeded'}})
      ⚠️  Error on Samsung_Washing_Machine_Error_Codes_p6_img1.png, retrying in 5 seconds... (Error code: 429 - {'error': {'message': 'Rate limit reached for model `meta-llama/llama-4-scout-17b-16e-instruct` in organization `org_01ka2nr7p4ege85gxyvpf7mmrd` service tier `on_demand` on tokens per day (TPD): Limit 500000, Used 499212, Requested 2709. Please try again in 5m31.9488s. Need more tokens? Upgrade to Dev Tier today at https://console.groq.com/settings/billing', 'type': 'tokens', 'code': 'rate_limit_exceeded'}})
      ❌ Error on Samsung_Washing_Machine_Error_Codes_p6_img1.png: Error code: 429 - {'error': {'message': 'Rate limit reached for model `meta-llama/llama-4-scout-17b-16e-instruct` in organization `org_01ka2nr7p4ege85gxyvpf7mmrd` service tier `on_demand` on tokens per day (TPD): Limit 500000, Used 499180, Requested 2685. Please try again in 5m22.272s. Need more tokens? Upgrade to Dev Tier today at https://console.groq.com/settings/billing', 'type': 'tokens', 'code': 'rate_limit_exceeded'}}
      ⚠️  Error on Samsung_Washing_Machine_Error_Codes_p6_img2.png, retrying in 5 seconds... (Error code: 429 - {'error': {'message': 'Rate limit reached for model `meta-llama/llama-4-scout-17b-16e-instruct` in organization `org_01ka2nr7p4ege85gxyvpf7mmrd` service tier `on_demand` on tokens per day (TPD): Limit 500000, Used 499179, Requested 2685. Please try again in 5m22.0992s. Need more tokens? Upgrade to Dev Tier today at https://console.groq.com/settings/billing', 'type': 'tokens', 'code': 'rate_limit_exceeded'}})
      ⚠️  Error on Samsung_Washing_Machine_Error_Codes_p6_img2.png, retrying in 5 seconds... (Error code: 429 - {'error': {'message': 'Rate limit reached for model `meta-llama/llama-4-scout-17b-16e-instruct` in organization `org_01ka2nr7p4ege85gxyvpf7mmrd` service tier `on_demand` on tokens per day (TPD): Limit 500000, Used 499148, Requested 2685. Please try again in 5m16.7424s. Need more tokens? Upgrade to Dev Tier today at https://console.groq.com/settings/billing', 'type': 'tokens', 'code': 'rate_limit_exceeded'}})
      ❌ Error on Samsung_Washing_Machine_Error_Codes_p6_img2.png: Error code: 429 - {'error': {'message': 'Rate limit reached for model `meta-llama/llama-4-scout-17b-16e-instruct` in organization `org_01ka2nr7p4ege85gxyvpf7mmrd` service tier `on_demand` on tokens per day (TPD): Limit 500000, Used 499117, Requested 2685. Please try again in 5m11.3856s. Need more tokens? Upgrade to Dev Tier today at https://console.groq.com/settings/billing', 'type': 'tokens', 'code': 'rate_limit_exceeded'}}
      ⚠️  Error on Samsung_Washing_Machine_Error_Codes_p6_img3.png, retrying in 5 seconds... (Error code: 429 - {'error': {'message': 'Rate limit reached for model `meta-llama/llama-4-scout-17b-16e-instruct` in organization `org_01ka2nr7p4ege85gxyvpf7mmrd` service tier `on_demand` on tokens per day (TPD): Limit 500000, Used 499117, Requested 2685. Please try again in 5m11.3856s. Need more tokens? Upgrade to Dev Tier today at https://console.groq.com/settings/billing', 'type': 'tokens', 'code': 'rate_limit_exceeded'}})
      ⚠️  Error on Samsung_Washing_Machine_Error_Codes_p6_img3.png, retrying in 5 seconds... (Error code: 429 - {'error': {'message': 'Rate limit reached for model `meta-llama/llama-4-scout-17b-16e-instruct` in organization `org_01ka2nr7p4ege85gxyvpf7mmrd` service tier `on_demand` on tokens per day (TPD): Limit 500000, Used 499086, Requested 2685. Please try again in 5m6.0288s. Need more tokens? Upgrade to Dev Tier today at https://console.groq.com/settings/billing', 'type': 'tokens', 'code': 'rate_limit_exceeded'}})
      ❌ Error on Samsung_Washing_Machine_Error_Codes_p6_img3.png: Error code: 429 - {'error': {'message': 'Rate limit reached for model `meta-llama/llama-4-scout-17b-16e-instruct` in organization `org_01ka2nr7p4ege85gxyvpf7mmrd` service tier `on_demand` on tokens per day (TPD): Limit 500000, Used 499056, Requested 2685. Please try again in 5m0.844799999s. Need more tokens? Upgrade to Dev Tier today at https://console.groq.com/settings/billing', 'type': 'tokens', 'code': 'rate_limit_exceeded'}}
      ⚠️  Error on Samsung_Washing_Machine_Error_Codes_p6_img4.png, retrying in 5 seconds... (Error code: 429 - {'error': {'message': 'Rate limit reached for model `meta-llama/llama-4-scout-17b-16e-instruct` in organization `org_01ka2nr7p4ege85gxyvpf7mmrd` service tier `on_demand` on tokens per day (TPD): Limit 500000, Used 499056, Requested 2685. Please try again in 5m0.844799999s. Need more tokens? Upgrade to Dev Tier today at https://console.groq.com/settings/billing', 'type': 'tokens', 'code': 'rate_limit_exceeded'}})
      ⚠️  Error on Samsung_Washing_Machine_Error_Codes_p6_img4.png, retrying in 5 seconds... (Error code: 429 - {'error': {'message': 'Rate limit reached for model `meta-llama/llama-4-scout-17b-16e-instruct` in organization `org_01ka2nr7p4ege85gxyvpf7mmrd` service tier `on_demand` on tokens per day (TPD): Limit 500000, Used 499025, Requested 2709. Please try again in 4m59.6352s. Need more tokens? Upgrade to Dev Tier today at https://console.groq.com/settings/billing', 'type': 'tokens', 'code': 'rate_limit_exceeded'}})
      ❌ Error on Samsung_Washing_Machine_Error_Codes_p6_img4.png: Error code: 429 - {'error': {'message': 'Rate limit reached for model `meta-llama/llama-4-scout-17b-16e-instruct` in organization `org_01ka2nr7p4ege85gxyvpf7mmrd` service tier `on_demand` on tokens per day (TPD): Limit 500000, Used 498992, Requested 2685. Please try again in 4m49.7856s. Need more tokens? Upgrade to Dev Tier today at https://console.groq.com/settings/billing', 'type': 'tokens', 'code': 'rate_limit_exceeded'}}
      ⚠️  Error on Samsung_Washing_Machine_Error_Codes_p7_img1.png, retrying in 5 seconds... (Error code: 429 - {'error': {'message': 'Rate limit reached for model `meta-llama/llama-4-scout-17b-16e-instruct` in organization `org_01ka2nr7p4ege85gxyvpf7mmrd` service tier `on_demand` on tokens per day (TPD): Limit 500000, Used 498992, Requested 2663. Please try again in 4m45.984s. Need more tokens? Upgrade to Dev Tier today at https://console.groq.com/settings/billing', 'type': 'tokens', 'code': 'rate_limit_exceeded'}})
      ⚠️  Error on Samsung_Washing_Machine_Error_Codes_p7_img1.png, retrying in 5 seconds... (Error code: 429 - {'error': {'message': 'Rate limit reached for model `meta-llama/llama-4-scout-17b-16e-instruct` in organization `org_01ka2nr7p4ege85gxyvpf7mmrd` service tier `on_demand` on tokens per day (TPD): Limit 500000, Used 498962, Requested 2639. Please try again in 4m36.6528s. Need more tokens? Upgrade to Dev Tier today at https://console.groq.com/settings/billing', 'type': 'tokens', 'code': 'rate_limit_exceeded'}})
      ❌ Error on Samsung_Washing_Machine_Error_Codes_p7_img1.png: Error code: 429 - {'error': {'message': 'Rate limit reached for model `meta-llama/llama-4-scout-17b-16e-instruct` in organization `org_01ka2nr7p4ege85gxyvpf7mmrd` service tier `on_demand` on tokens per day (TPD): Limit 500000, Used 498930, Requested 2663. Please try again in 4m35.2704s. Need more tokens? Upgrade to Dev Tier today at https://console.groq.com/settings/billing', 'type': 'tokens', 'code': 'rate_limit_exceeded'}}
      ⚠️  Error on Samsung_Washing_Machine_Error_Codes_p7_img2.png, retrying in 5 seconds... (Error code: 429 - {'error': {'message': 'Rate limit reached for model `meta-llama/llama-4-scout-17b-16e-instruct` in organization `org_01ka2nr7p4ege85gxyvpf7mmrd` service tier `on_demand` on tokens per day (TPD): Limit 500000, Used 498930, Requested 2639. Please try again in 4m31.1232s. Need more tokens? Upgrade to Dev Tier today at https://console.groq.com/settings/billing', 'type': 'tokens', 'code': 'rate_limit_exceeded'}})
      ⚠️  Error on Samsung_Washing_Machine_Error_Codes_p7_img2.png, retrying in 5 seconds... (Error code: 429 - {'error': {'message': 'Rate limit reached for model `meta-llama/llama-4-scout-17b-16e-instruct` in organization `org_01ka2nr7p4ege85gxyvpf7mmrd` service tier `on_demand` on tokens per day (TPD): Limit 500000, Used 498899, Requested 2639. Please try again in 4m25.7664s. Need more tokens? Upgrade to Dev Tier today at https://console.groq.com/settings/billing', 'type': 'tokens', 'code': 'rate_limit_exceeded'}})
      ❌ Error on Samsung_Washing_Machine_Error_Codes_p7_img2.png: Error code: 429 - {'error': {'message': 'Rate limit reached for model `meta-llama/llama-4-scout-17b-16e-instruct` in organization `org_01ka2nr7p4ege85gxyvpf7mmrd` service tier `on_demand` on tokens per day (TPD): Limit 500000, Used 498869, Requested 2639. Please try again in 4m20.5824s. Need more tokens? Upgrade to Dev Tier today at https://console.groq.com/settings/billing', 'type': 'tokens', 'code': 'rate_limit_exceeded'}}
   💾 Saved 0 new entries from Samsung Washing Machine Error Codes.pdf. Total DB: 107

[9/19] Processing: The optimal laundry load size for your Samsung washer15.pdf
   📖 Reading PDF: The optimal laundry load size for your Samsung washer15.pdf (4 pages)
   👁️  Analyzing 6 potential images...
      ⚠️  Error on The_optimal_laundry_load_size_for_your_Samsung_washer15_p1_img1.png, retrying in 5 seconds... (Error code: 429 - {'error': {'message': 'Rate limit reached for model `meta-llama/llama-4-scout-17b-16e-instruct` in organization `org_01ka2nr7p4ege85gxyvpf7mmrd` service tier `on_demand` on tokens per day (TPD): Limit 500000, Used 498865, Requested 2790. Please try again in 4m45.984s. Need more tokens? Upgrade to Dev Tier today at https://console.groq.com/settings/billing', 'type': 'tokens', 'code': 'rate_limit_exceeded'}})
      ⚠️  Error on The_optimal_laundry_load_size_for_your_Samsung_washer15_p1_img1.png, retrying in 5 seconds... (Error code: 429 - {'error': {'message': 'Rate limit reached for model `meta-llama/llama-4-scout-17b-16e-instruct` in organization `org_01ka2nr7p4ege85gxyvpf7mmrd` service tier `on_demand` on tokens per day (TPD): Limit 500000, Used 498833, Requested 2790. Please try again in 4m40.4544s. Need more tokens? Upgrade to Dev Tier today at https://console.groq.com/settings/billing', 'type': 'tokens', 'code': 'rate_limit_exceeded'}})
      ❌ Error on The_optimal_laundry_load_size_for_your_Samsung_washer15_p1_img1.png: Error code: 429 - {'error': {'message': 'Rate limit reached for model `meta-llama/llama-4-scout-17b-16e-instruct` in organization `org_01ka2nr7p4ege85gxyvpf7mmrd` service tier `on_demand` on tokens per day (TPD): Limit 500000, Used 498800, Requested 2814. Please try again in 4m38.8992s. Need more tokens? Upgrade to Dev Tier today at https://console.groq.com/settings/billing', 'type': 'tokens', 'code': 'rate_limit_exceeded'}}
      ⚠️  Error on The_optimal_laundry_load_size_for_your_Samsung_washer15_p2_img1.png, retrying in 5 seconds... (Error code: 429 - {'error': {'message': 'Rate limit reached for model `meta-llama/llama-4-scout-17b-16e-instruct` in organization `org_01ka2nr7p4ege85gxyvpf7mmrd` service tier `on_demand` on tokens per day (TPD): Limit 500000, Used 498796, Requested 2927. Please try again in 4m57.7344s. Need more tokens? Upgrade to Dev Tier today at https://console.groq.com/settings/billing', 'type': 'tokens', 'code': 'rate_limit_exceeded'}})
      ⚠️  Error on The_optimal_laundry_load_size_for_your_Samsung_washer15_p2_img1.png, retrying in 5 seconds... (Error code: 429 - {'error': {'message': 'Rate limit reached for model `meta-llama/llama-4-scout-17b-16e-instruct` in organization `org_01ka2nr7p4ege85gxyvpf7mmrd` service tier `on_demand` on tokens per day (TPD): Limit 500000, Used 498765, Requested 2951. Please try again in 4m56.5248s. Need more tokens? Upgrade to Dev Tier today at https://console.groq.com/settings/billing', 'type': 'tokens', 'code': 'rate_limit_exceeded'}})
      ❌ Error on The_optimal_laundry_load_size_for_your_Samsung_washer15_p2_img1.png: Error code: 429 - {'error': {'message': 'Rate limit reached for model `meta-llama/llama-4-scout-17b-16e-instruct` in organization `org_01ka2nr7p4ege85gxyvpf7mmrd` service tier `on_demand` on tokens per day (TPD): Limit 500000, Used 498733, Requested 2927. Please try again in 4m46.848s. Need more tokens? Upgrade to Dev Tier today at https://console.groq.com/settings/billing', 'type': 'tokens', 'code': 'rate_limit_exceeded'}}
      ⚠️  Error on The_optimal_laundry_load_size_for_your_Samsung_washer15_p2_img2.png, retrying in 5 seconds... (Error code: 429 - {'error': {'message': 'Rate limit reached for model `meta-llama/llama-4-scout-17b-16e-instruct` in organization `org_01ka2nr7p4ege85gxyvpf7mmrd` service tier `on_demand` on tokens per day (TPD): Limit 500000, Used 498731, Requested 2951. Please try again in 4m50.649599999s. Need more tokens? Upgrade to Dev Tier today at https://console.groq.com/settings/billing', 'type': 'tokens', 'code': 'rate_limit_exceeded'}})
      ⚠️  Error on The_optimal_laundry_load_size_for_your_Samsung_washer15_p2_img2.png, retrying in 5 seconds... (Error code: 429 - {'error': {'message': 'Rate limit reached for model `meta-llama/llama-4-scout-17b-16e-instruct` in organization `org_01ka2nr7p4ege85gxyvpf7mmrd` service tier `on_demand` on tokens per day (TPD): Limit 500000, Used 498697, Requested 2927. Please try again in 4m40.6272s. Need more tokens? Upgrade to Dev Tier today at https://console.groq.com/settings/billing', 'type': 'tokens', 'code': 'rate_limit_exceeded'}})
      ❌ Error on The_optimal_laundry_load_size_for_your_Samsung_washer15_p2_img2.png: Error code: 429 - {'error': {'message': 'Rate limit reached for model `meta-llama/llama-4-scout-17b-16e-instruct` in organization `org_01ka2nr7p4ege85gxyvpf7mmrd` service tier `on_demand` on tokens per day (TPD): Limit 500000, Used 498664, Requested 2951. Please try again in 4m39.072s. Need more tokens? Upgrade to Dev Tier today at https://console.groq.com/settings/billing', 'type': 'tokens', 'code': 'rate_limit_exceeded'}}
      ⚠️  Error on The_optimal_laundry_load_size_for_your_Samsung_washer15_p3_img1.png, retrying in 5 seconds... (Error code: 429 - {'error': {'message': 'Rate limit reached for model `meta-llama/llama-4-scout-17b-16e-instruct` in organization `org_01ka2nr7p4ege85gxyvpf7mmrd` service tier `on_demand` on tokens per day (TPD): Limit 500000, Used 498663, Requested 2741. Please try again in 4m2.6112s. Need more tokens? Upgrade to Dev Tier today at https://console.groq.com/settings/billing', 'type': 'tokens', 'code': 'rate_limit_exceeded'}})
      ⚠️  Error on The_optimal_laundry_load_size_for_your_Samsung_washer15_p3_img1.png, retrying in 5 seconds... (Error code: 429 - {'error': {'message': 'Rate limit reached for model `meta-llama/llama-4-scout-17b-16e-instruct` in organization `org_01ka2nr7p4ege85gxyvpf7mmrd` service tier `on_demand` on tokens per day (TPD): Limit 500000, Used 498626, Requested 2765. Please try again in 4m0.3648s. Need more tokens? Upgrade to Dev Tier today at https://console.groq.com/settings/billing', 'type': 'tokens', 'code': 'rate_limit_exceeded'}})
      ❌ Error on The_optimal_laundry_load_size_for_your_Samsung_washer15_p3_img1.png: Error code: 429 - {'error': {'message': 'Rate limit reached for model `meta-llama/llama-4-scout-17b-16e-instruct` in organization `org_01ka2nr7p4ege85gxyvpf7mmrd` service tier `on_demand` on tokens per day (TPD): Limit 500000, Used 498587, Requested 2765. Please try again in 3m53.6256s. Need more tokens? Upgrade to Dev Tier today at https://console.groq.com/settings/billing', 'type': 'tokens', 'code': 'rate_limit_exceeded'}}
      ⚠️  Error on The_optimal_laundry_load_size_for_your_Samsung_washer15_p4_img1.png, retrying in 5 seconds... (Error code: 429 - {'error': {'message': 'Rate limit reached for model `meta-llama/llama-4-scout-17b-16e-instruct` in organization `org_01ka2nr7p4ege85gxyvpf7mmrd` service tier `on_demand` on tokens per day (TPD): Limit 500000, Used 498587, Requested 2824. Please try again in 4m3.8208s. Need more tokens? Upgrade to Dev Tier today at https://console.groq.com/settings/billing', 'type': 'tokens', 'code': 'rate_limit_exceeded'}})
      ⚠️  Error on The_optimal_laundry_load_size_for_your_Samsung_washer15_p4_img1.png, retrying in 5 seconds... (Error code: 429 - {'error': {'message': 'Rate limit reached for model `meta-llama/llama-4-scout-17b-16e-instruct` in organization `org_01ka2nr7p4ege85gxyvpf7mmrd` service tier `on_demand` on tokens per day (TPD): Limit 500000, Used 498556, Requested 2848. Please try again in 4m2.6112s. Need more tokens? Upgrade to Dev Tier today at https://console.groq.com/settings/billing', 'type': 'tokens', 'code': 'rate_limit_exceeded'}})
      ❌ Error on The_optimal_laundry_load_size_for_your_Samsung_washer15_p4_img1.png: Error code: 429 - {'error': {'message': 'Rate limit reached for model `meta-llama/llama-4-scout-17b-16e-instruct` in organization `org_01ka2nr7p4ege85gxyvpf7mmrd` service tier `on_demand` on tokens per day (TPD): Limit 500000, Used 498525, Requested 2824. Please try again in 3m53.107199999s. Need more tokens? Upgrade to Dev Tier today at https://console.groq.com/settings/billing', 'type': 'tokens', 'code': 'rate_limit_exceeded'}}
      ⚠️  Error on The_optimal_laundry_load_size_for_your_Samsung_washer15_p4_img2.png, retrying in 5 seconds... (Error code: 429 - {'error': {'message': 'Rate limit reached for model `meta-llama/llama-4-scout-17b-16e-instruct` in organization `org_01ka2nr7p4ege85gxyvpf7mmrd` service tier `on_demand` on tokens per day (TPD): Limit 500000, Used 498524, Requested 2848. Please try again in 3m57.081599999s. Need more tokens? Upgrade to Dev Tier today at https://console.groq.com/settings/billing', 'type': 'tokens', 'code': 'rate_limit_exceeded'}})
      ⚠️  Error on The_optimal_laundry_load_size_for_your_Samsung_washer15_p4_img2.png, retrying in 5 seconds... (Error code: 429 - {'error': {'message': 'Rate limit reached for model `meta-llama/llama-4-scout-17b-16e-instruct` in organization `org_01ka2nr7p4ege85gxyvpf7mmrd` service tier `on_demand` on tokens per day (TPD): Limit 500000, Used 498493, Requested 2824. Please try again in 3m47.5776s. Need more tokens? Upgrade to Dev Tier today at https://console.groq.com/settings/billing', 'type': 'tokens', 'code': 'rate_limit_exceeded'}})
      ❌ Error on The_optimal_laundry_load_size_for_your_Samsung_washer15_p4_img2.png: Error code: 429 - {'error': {'message': 'Rate limit reached for model `meta-llama/llama-4-scout-17b-16e-instruct` in organization `org_01ka2nr7p4ege85gxyvpf7mmrd` service tier `on_demand` on tokens per day (TPD): Limit 500000, Used 498462, Requested 2824. Please try again in 3m42.2208s. Need more tokens? Upgrade to Dev Tier today at https://console.groq.com/settings/billing', 'type': 'tokens', 'code': 'rate_limit_exceeded'}}
   💾 Saved 0 new entries from The optimal laundry load size for your Samsung washer15.pdf. Total DB: 107

[10/19] Processing: User Manual of WA5471ABP-03050A-04_XAA.pdf
   📖 Reading PDF: User Manual of WA5471ABP-03050A-04_XAA.pdf (132 pages)
   👁️  Analyzing 15 potential images...
      ⚠️  Error on User_Manual_of_WA5471ABP-03050A-04_XAA_p1_img1.jpeg, retrying in 5 seconds... (Error code: 429 - {'error': {'message': 'Rate limit reached for model `meta-llama/llama-4-scout-17b-16e-instruct` in organization `org_01ka2nr7p4ege85gxyvpf7mmrd` service tier `on_demand` on tokens per day (TPD): Limit 500000, Used 498458, Requested 2687. Please try again in 3m17.856s. Need more tokens? Upgrade to Dev Tier today at https://console.groq.com/settings/billing', 'type': 'tokens', 'code': 'rate_limit_exceeded'}})
      ⚠️  Error on User_Manual_of_WA5471ABP-03050A-04_XAA_p1_img1.jpeg, retrying in 5 seconds... (Error code: 429 - {'error': {'message': 'Rate limit reached for model `meta-llama/llama-4-scout-17b-16e-instruct` in organization `org_01ka2nr7p4ege85gxyvpf7mmrd` service tier `on_demand` on tokens per day (TPD): Limit 500000, Used 498427, Requested 2687. Please try again in 3m12.4992s. Need more tokens? Upgrade to Dev Tier today at https://console.groq.com/settings/billing', 'type': 'tokens', 'code': 'rate_limit_exceeded'}})
      ❌ Error on User_Manual_of_WA5471ABP-03050A-04_XAA_p1_img1.jpeg: Error code: 429 - {'error': {'message': 'Rate limit reached for model `meta-llama/llama-4-scout-17b-16e-instruct` in organization `org_01ka2nr7p4ege85gxyvpf7mmrd` service tier `on_demand` on tokens per day (TPD): Limit 500000, Used 498396, Requested 2711. Please try again in 3m11.289599999s. Need more tokens? Upgrade to Dev Tier today at https://console.groq.com/settings/billing', 'type': 'tokens', 'code': 'rate_limit_exceeded'}}
      ⚠️  Error on User_Manual_of_WA5471ABP-03050A-04_XAA_p11_img1.jpeg, retrying in 5 seconds... (Error code: 429 - {'error': {'message': 'Rate limit reached for model `meta-llama/llama-4-scout-17b-16e-instruct` in organization `org_01ka2nr7p4ege85gxyvpf7mmrd` service tier `on_demand` on tokens per day (TPD): Limit 500000, Used 498396, Requested 2789. Please try again in 3m24.768s. Need more tokens? Upgrade to Dev Tier today at https://console.groq.com/settings/billing', 'type': 'tokens', 'code': 'rate_limit_exceeded'}})
      ⚠️  Error on User_Manual_of_WA5471ABP-03050A-04_XAA_p11_img1.jpeg, retrying in 5 seconds... (Error code: 429 - {'error': {'message': 'Rate limit reached for model `meta-llama/llama-4-scout-17b-16e-instruct` in organization `org_01ka2nr7p4ege85gxyvpf7mmrd` service tier `on_demand` on tokens per day (TPD): Limit 500000, Used 498365, Requested 2789. Please try again in 3m19.4112s. Need more tokens? Upgrade to Dev Tier today at https://console.groq.com/settings/billing', 'type': 'tokens', 'code': 'rate_limit_exceeded'}})
      ❌ Error on User_Manual_of_WA5471ABP-03050A-04_XAA_p11_img1.jpeg: Error code: 429 - {'error': {'message': 'Rate limit reached for model `meta-llama/llama-4-scout-17b-16e-instruct` in organization `org_01ka2nr7p4ege85gxyvpf7mmrd` service tier `on_demand` on tokens per day (TPD): Limit 500000, Used 498335, Requested 2789. Please try again in 3m14.2272s. Need more tokens? Upgrade to Dev Tier today at https://console.groq.com/settings/billing', 'type': 'tokens', 'code': 'rate_limit_exceeded'}}
      ⚠️  Error on User_Manual_of_WA5471ABP-03050A-04_XAA_p11_img2.jpeg, retrying in 5 seconds... (Error code: 429 - {'error': {'message': 'Rate limit reached for model `meta-llama/llama-4-scout-17b-16e-instruct` in organization `org_01ka2nr7p4ege85gxyvpf7mmrd` service tier `on_demand` on tokens per day (TPD): Limit 500000, Used 498335, Requested 2789. Please try again in 3m14.2272s. Need more tokens? Upgrade to Dev Tier today at https://console.groq.com/settings/billing', 'type': 'tokens', 'code': 'rate_limit_exceeded'}})
      ⚠️  Error on User_Manual_of_WA5471ABP-03050A-04_XAA_p11_img2.jpeg, retrying in 5 seconds... (Error code: 429 - {'error': {'message': 'Rate limit reached for model `meta-llama/llama-4-scout-17b-16e-instruct` in organization `org_01ka2nr7p4ege85gxyvpf7mmrd` service tier `on_demand` on tokens per day (TPD): Limit 500000, Used 498296, Requested 2789. Please try again in 3m7.488s. Need more tokens? Upgrade to Dev Tier today at https://console.groq.com/settings/billing', 'type': 'tokens', 'code': 'rate_limit_exceeded'}})
      ❌ Error on User_Manual_of_WA5471ABP-03050A-04_XAA_p11_img2.jpeg: Error code: 429 - {'error': {'message': 'Rate limit reached for model `meta-llama/llama-4-scout-17b-16e-instruct` in organization `org_01ka2nr7p4ege85gxyvpf7mmrd` service tier `on_demand` on tokens per day (TPD): Limit 500000, Used 498266, Requested 2813. Please try again in 3m6.4512s. Need more tokens? Upgrade to Dev Tier today at https://console.groq.com/settings/billing', 'type': 'tokens', 'code': 'rate_limit_exceeded'}}
      ⚠️  Error on User_Manual_of_WA5471ABP-03050A-04_XAA_p11_img8.jpeg, retrying in 5 seconds... (Error code: 429 - {'error': {'message': 'Rate limit reached for model `meta-llama/llama-4-scout-17b-16e-instruct` in organization `org_01ka2nr7p4ege85gxyvpf7mmrd` service tier `on_demand` on tokens per day (TPD): Limit 500000, Used 498265, Requested 2789. Please try again in 3m2.1312s. Need more tokens? Upgrade to Dev Tier today at https://console.groq.com/settings/billing', 'type': 'tokens', 'code': 'rate_limit_exceeded'}})
      ⚠️  Error on User_Manual_of_WA5471ABP-03050A-04_XAA_p11_img8.jpeg, retrying in 5 seconds... (Error code: 429 - {'error': {'message': 'Rate limit reached for model `meta-llama/llama-4-scout-17b-16e-instruct` in organization `org_01ka2nr7p4ege85gxyvpf7mmrd` service tier `on_demand` on tokens per day (TPD): Limit 500000, Used 498234, Requested 2789. Please try again in 2m56.7744s. Need more tokens? Upgrade to Dev Tier today at https://console.groq.com/settings/billing', 'type': 'tokens', 'code': 'rate_limit_exceeded'}})
      ❌ Error on User_Manual_of_WA5471ABP-03050A-04_XAA_p11_img8.jpeg: Error code: 429 - {'error': {'message': 'Rate limit reached for model `meta-llama/llama-4-scout-17b-16e-instruct` in organization `org_01ka2nr7p4ege85gxyvpf7mmrd` service tier `on_demand` on tokens per day (TPD): Limit 500000, Used 498203, Requested 2813. Please try again in 2m55.5648s. Need more tokens? Upgrade to Dev Tier today at https://console.groq.com/settings/billing', 'type': 'tokens', 'code': 'rate_limit_exceeded'}}
      ⚠️  Error on User_Manual_of_WA5471ABP-03050A-04_XAA_p30_img2.png, retrying in 5 seconds... (Error code: 429 - {'error': {'message': 'Rate limit reached for model `meta-llama/llama-4-scout-17b-16e-instruct` in organization `org_01ka2nr7p4ege85gxyvpf7mmrd` service tier `on_demand` on tokens per day (TPD): Limit 500000, Used 498203, Requested 2898. Please try again in 3m10.2528s. Need more tokens? Upgrade to Dev Tier today at https://console.groq.com/settings/billing', 'type': 'tokens', 'code': 'rate_limit_exceeded'}})
      ⚠️  Error on User_Manual_of_WA5471ABP-03050A-04_XAA_p30_img2.png, retrying in 5 seconds... (Error code: 429 - {'error': {'message': 'Rate limit reached for model `meta-llama/llama-4-scout-17b-16e-instruct` in organization `org_01ka2nr7p4ege85gxyvpf7mmrd` service tier `on_demand` on tokens per day (TPD): Limit 500000, Used 498172, Requested 2898. Please try again in 3m4.896s. Need more tokens? Upgrade to Dev Tier today at https://console.groq.com/settings/billing', 'type': 'tokens', 'code': 'rate_limit_exceeded'}})
      ❌ Error on User_Manual_of_WA5471ABP-03050A-04_XAA_p30_img2.png: Error code: 429 - {'error': {'message': 'Rate limit reached for model `meta-llama/llama-4-scout-17b-16e-instruct` in organization `org_01ka2nr7p4ege85gxyvpf7mmrd` service tier `on_demand` on tokens per day (TPD): Limit 500000, Used 498142, Requested 2922. Please try again in 3m3.8592s. Need more tokens? Upgrade to Dev Tier today at https://console.groq.com/settings/billing', 'type': 'tokens', 'code': 'rate_limit_exceeded'}}
      ⚠️  Error on User_Manual_of_WA5471ABP-03050A-04_XAA_p45_img1.jpeg, retrying in 5 seconds... (Error code: 429 - {'error': {'message': 'Rate limit reached for model `meta-llama/llama-4-scout-17b-16e-instruct` in organization `org_01ka2nr7p4ege85gxyvpf7mmrd` service tier `on_demand` on tokens per day (TPD): Limit 500000, Used 498141, Requested 2709. Please try again in 2m26.88s. Need more tokens? Upgrade to Dev Tier today at https://console.groq.com/settings/billing', 'type': 'tokens', 'code': 'rate_limit_exceeded'}})
      ⚠️  Error on User_Manual_of_WA5471ABP-03050A-04_XAA_p45_img1.jpeg, retrying in 5 seconds... (Error code: 429 - {'error': {'message': 'Rate limit reached for model `meta-llama/llama-4-scout-17b-16e-instruct` in organization `org_01ka2nr7p4ege85gxyvpf7mmrd` service tier `on_demand` on tokens per day (TPD): Limit 500000, Used 498110, Requested 2709. Please try again in 2m21.5232s. Need more tokens? Upgrade to Dev Tier today at https://console.groq.com/settings/billing', 'type': 'tokens', 'code': 'rate_limit_exceeded'}})
      ❌ Error on User_Manual_of_WA5471ABP-03050A-04_XAA_p45_img1.jpeg: Error code: 429 - {'error': {'message': 'Rate limit reached for model `meta-llama/llama-4-scout-17b-16e-instruct` in organization `org_01ka2nr7p4ege85gxyvpf7mmrd` service tier `on_demand` on tokens per day (TPD): Limit 500000, Used 498080, Requested 2709. Please try again in 2m16.3392s. Need more tokens? Upgrade to Dev Tier today at https://console.groq.com/settings/billing', 'type': 'tokens', 'code': 'rate_limit_exceeded'}}
      ⚠️  Error on User_Manual_of_WA5471ABP-03050A-04_XAA_p55_img1.jpeg, retrying in 5 seconds... (Error code: 429 - {'error': {'message': 'Rate limit reached for model `meta-llama/llama-4-scout-17b-16e-instruct` in organization `org_01ka2nr7p4ege85gxyvpf7mmrd` service tier `on_demand` on tokens per day (TPD): Limit 500000, Used 498079, Requested 2895. Please try again in 2m48.3072s. Need more tokens? Upgrade to Dev Tier today at https://console.groq.com/settings/billing', 'type': 'tokens', 'code': 'rate_limit_exceeded'}})
      ⚠️  Error on User_Manual_of_WA5471ABP-03050A-04_XAA_p55_img1.jpeg, retrying in 5 seconds... (Error code: 429 - {'error': {'message': 'Rate limit reached for model `meta-llama/llama-4-scout-17b-16e-instruct` in organization `org_01ka2nr7p4ege85gxyvpf7mmrd` service tier `on_demand` on tokens per day (TPD): Limit 500000, Used 498049, Requested 2871. Please try again in 2m38.976s. Need more tokens? Upgrade to Dev Tier today at https://console.groq.com/settings/billing', 'type': 'tokens', 'code': 'rate_limit_exceeded'}})
      ❌ Error on User_Manual_of_WA5471ABP-03050A-04_XAA_p55_img1.jpeg: Error code: 429 - {'error': {'message': 'Rate limit reached for model `meta-llama/llama-4-scout-17b-16e-instruct` in organization `org_01ka2nr7p4ege85gxyvpf7mmrd` service tier `on_demand` on tokens per day (TPD): Limit 500000, Used 498017, Requested 2871. Please try again in 2m33.4464s. Need more tokens? Upgrade to Dev Tier today at https://console.groq.com/settings/billing', 'type': 'tokens', 'code': 'rate_limit_exceeded'}}
      ⚠️  Error on User_Manual_of_WA5471ABP-03050A-04_XAA_p55_img2.jpeg, retrying in 5 seconds... (Error code: 429 - {'error': {'message': 'Rate limit reached for model `meta-llama/llama-4-scout-17b-16e-instruct` in organization `org_01ka2nr7p4ege85gxyvpf7mmrd` service tier `on_demand` on tokens per day (TPD): Limit 500000, Used 498017, Requested 2871. Please try again in 2m33.4464s. Need more tokens? Upgrade to Dev Tier today at https://console.groq.com/settings/billing', 'type': 'tokens', 'code': 'rate_limit_exceeded'}})
      ⚠️  Error on User_Manual_of_WA5471ABP-03050A-04_XAA_p55_img2.jpeg, retrying in 5 seconds... (Error code: 429 - {'error': {'message': 'Rate limit reached for model `meta-llama/llama-4-scout-17b-16e-instruct` in organization `org_01ka2nr7p4ege85gxyvpf7mmrd` service tier `on_demand` on tokens per day (TPD): Limit 500000, Used 497987, Requested 2871. Please try again in 2m28.2624s. Need more tokens? Upgrade to Dev Tier today at https://console.groq.com/settings/billing', 'type': 'tokens', 'code': 'rate_limit_exceeded'}})
      ❌ Error on User_Manual_of_WA5471ABP-03050A-04_XAA_p55_img2.jpeg: Error code: 429 - {'error': {'message': 'Rate limit reached for model `meta-llama/llama-4-scout-17b-16e-instruct` in organization `org_01ka2nr7p4ege85gxyvpf7mmrd` service tier `on_demand` on tokens per day (TPD): Limit 500000, Used 497956, Requested 2871. Please try again in 2m22.9056s. Need more tokens? Upgrade to Dev Tier today at https://console.groq.com/settings/billing', 'type': 'tokens', 'code': 'rate_limit_exceeded'}}
      ⚠️  Error on User_Manual_of_WA5471ABP-03050A-04_XAA_p55_img8.jpeg, retrying in 5 seconds... (Error code: 429 - {'error': {'message': 'Rate limit reached for model `meta-llama/llama-4-scout-17b-16e-instruct` in organization `org_01ka2nr7p4ege85gxyvpf7mmrd` service tier `on_demand` on tokens per day (TPD): Limit 500000, Used 497956, Requested 2871. Please try again in 2m22.9056s. Need more tokens? Upgrade to Dev Tier today at https://console.groq.com/settings/billing', 'type': 'tokens', 'code': 'rate_limit_exceeded'}})
      ⚠️  Error on User_Manual_of_WA5471ABP-03050A-04_XAA_p55_img8.jpeg, retrying in 5 seconds... (Error code: 429 - {'error': {'message': 'Rate limit reached for model `meta-llama/llama-4-scout-17b-16e-instruct` in organization `org_01ka2nr7p4ege85gxyvpf7mmrd` service tier `on_demand` on tokens per day (TPD): Limit 500000, Used 497925, Requested 2871. Please try again in 2m17.5488s. Need more tokens? Upgrade to Dev Tier today at https://console.groq.com/settings/billing', 'type': 'tokens', 'code': 'rate_limit_exceeded'}})
      ❌ Error on User_Manual_of_WA5471ABP-03050A-04_XAA_p55_img8.jpeg: Error code: 429 - {'error': {'message': 'Rate limit reached for model `meta-llama/llama-4-scout-17b-16e-instruct` in organization `org_01ka2nr7p4ege85gxyvpf7mmrd` service tier `on_demand` on tokens per day (TPD): Limit 500000, Used 497895, Requested 2871. Please try again in 2m12.3648s. Need more tokens? Upgrade to Dev Tier today at https://console.groq.com/settings/billing', 'type': 'tokens', 'code': 'rate_limit_exceeded'}}
      ⚠️  Error on User_Manual_of_WA5471ABP-03050A-04_XAA_p74_img2.png, retrying in 5 seconds... (Error code: 429 - {'error': {'message': 'Rate limit reached for model `meta-llama/llama-4-scout-17b-16e-instruct` in organization `org_01ka2nr7p4ege85gxyvpf7mmrd` service tier `on_demand` on tokens per day (TPD): Limit 500000, Used 497894, Requested 2968. Please try again in 2m28.9536s. Need more tokens? Upgrade to Dev Tier today at https://console.groq.com/settings/billing', 'type': 'tokens', 'code': 'rate_limit_exceeded'}})
      ⚠️  Error on User_Manual_of_WA5471ABP-03050A-04_XAA_p74_img2.png, retrying in 5 seconds... (Error code: 429 - {'error': {'message': 'Rate limit reached for model `meta-llama/llama-4-scout-17b-16e-instruct` in organization `org_01ka2nr7p4ege85gxyvpf7mmrd` service tier `on_demand` on tokens per day (TPD): Limit 500000, Used 497864, Requested 2968. Please try again in 2m23.7696s. Need more tokens? Upgrade to Dev Tier today at https://console.groq.com/settings/billing', 'type': 'tokens', 'code': 'rate_limit_exceeded'}})
      ❌ Error on User_Manual_of_WA5471ABP-03050A-04_XAA_p74_img2.png: Error code: 429 - {'error': {'message': 'Rate limit reached for model `meta-llama/llama-4-scout-17b-16e-instruct` in organization `org_01ka2nr7p4ege85gxyvpf7mmrd` service tier `on_demand` on tokens per day (TPD): Limit 500000, Used 497833, Requested 2968. Please try again in 2m18.4128s. Need more tokens? Upgrade to Dev Tier today at https://console.groq.com/settings/billing', 'type': 'tokens', 'code': 'rate_limit_exceeded'}}
      ⚠️  Error on User_Manual_of_WA5471ABP-03050A-04_XAA_p89_img1.jpeg, retrying in 5 seconds... (Error code: 429 - {'error': {'message': 'Rate limit reached for model `meta-llama/llama-4-scout-17b-16e-instruct` in organization `org_01ka2nr7p4ege85gxyvpf7mmrd` service tier `on_demand` on tokens per day (TPD): Limit 500000, Used 497832, Requested 2710. Please try again in 1m33.657599999s. Need more tokens? Upgrade to Dev Tier today at https://console.groq.com/settings/billing', 'type': 'tokens', 'code': 'rate_limit_exceeded'}})
      ⚠️  Error on User_Manual_of_WA5471ABP-03050A-04_XAA_p89_img1.jpeg, retrying in 5 seconds... (Error code: 429 - {'error': {'message': 'Rate limit reached for model `meta-llama/llama-4-scout-17b-16e-instruct` in organization `org_01ka2nr7p4ege85gxyvpf7mmrd` service tier `on_demand` on tokens per day (TPD): Limit 500000, Used 497801, Requested 2710. Please try again in 1m28.3008s. Need more tokens? Upgrade to Dev Tier today at https://console.groq.com/settings/billing', 'type': 'tokens', 'code': 'rate_limit_exceeded'}})
      ❌ Error on User_Manual_of_WA5471ABP-03050A-04_XAA_p89_img1.jpeg: Error code: 429 - {'error': {'message': 'Rate limit reached for model `meta-llama/llama-4-scout-17b-16e-instruct` in organization `org_01ka2nr7p4ege85gxyvpf7mmrd` service tier `on_demand` on tokens per day (TPD): Limit 500000, Used 497770, Requested 2710. Please try again in 1m22.944s. Need more tokens? Upgrade to Dev Tier today at https://console.groq.com/settings/billing', 'type': 'tokens', 'code': 'rate_limit_exceeded'}}
      ⚠️  Error on User_Manual_of_WA5471ABP-03050A-04_XAA_p99_img1.jpeg, retrying in 5 seconds... (Error code: 429 - {'error': {'message': 'Rate limit reached for model `meta-llama/llama-4-scout-17b-16e-instruct` in organization `org_01ka2nr7p4ege85gxyvpf7mmrd` service tier `on_demand` on tokens per day (TPD): Limit 500000, Used 497770, Requested 2878. Please try again in 1m51.9744s. Need more tokens? Upgrade to Dev Tier today at https://console.groq.com/settings/billing', 'type': 'tokens', 'code': 'rate_limit_exceeded'}})
      ⚠️  Error on User_Manual_of_WA5471ABP-03050A-04_XAA_p99_img1.jpeg, retrying in 5 seconds... (Error code: 429 - {'error': {'message': 'Rate limit reached for model `meta-llama/llama-4-scout-17b-16e-instruct` in organization `org_01ka2nr7p4ege85gxyvpf7mmrd` service tier `on_demand` on tokens per day (TPD): Limit 500000, Used 497740, Requested 2878. Please try again in 1m46.790399999s. Need more tokens? Upgrade to Dev Tier today at https://console.groq.com/settings/billing', 'type': 'tokens', 'code': 'rate_limit_exceeded'}})
      ❌ Error on User_Manual_of_WA5471ABP-03050A-04_XAA_p99_img1.jpeg: Error code: 429 - {'error': {'message': 'Rate limit reached for model `meta-llama/llama-4-scout-17b-16e-instruct` in organization `org_01ka2nr7p4ege85gxyvpf7mmrd` service tier `on_demand` on tokens per day (TPD): Limit 500000, Used 497709, Requested 2878. Please try again in 1m41.4336s. Need more tokens? Upgrade to Dev Tier today at https://console.groq.com/settings/billing', 'type': 'tokens', 'code': 'rate_limit_exceeded'}}
      ⚠️  Error on User_Manual_of_WA5471ABP-03050A-04_XAA_p99_img2.jpeg, retrying in 5 seconds... (Error code: 429 - {'error': {'message': 'Rate limit reached for model `meta-llama/llama-4-scout-17b-16e-instruct` in organization `org_01ka2nr7p4ege85gxyvpf7mmrd` service tier `on_demand` on tokens per day (TPD): Limit 500000, Used 497709, Requested 2878. Please try again in 1m41.4336s. Need more tokens? Upgrade to Dev Tier today at https://console.groq.com/settings/billing', 'type': 'tokens', 'code': 'rate_limit_exceeded'}})
      ⚠️  Error on User_Manual_of_WA5471ABP-03050A-04_XAA_p99_img2.jpeg, retrying in 5 seconds... (Error code: 429 - {'error': {'message': 'Rate limit reached for model `meta-llama/llama-4-scout-17b-16e-instruct` in organization `org_01ka2nr7p4ege85gxyvpf7mmrd` service tier `on_demand` on tokens per day (TPD): Limit 500000, Used 497679, Requested 2878. Please try again in 1m36.2496s. Need more tokens? Upgrade to Dev Tier today at https://console.groq.com/settings/billing', 'type': 'tokens', 'code': 'rate_limit_exceeded'}})
      ❌ Error on User_Manual_of_WA5471ABP-03050A-04_XAA_p99_img2.jpeg: Error code: 429 - {'error': {'message': 'Rate limit reached for model `meta-llama/llama-4-scout-17b-16e-instruct` in organization `org_01ka2nr7p4ege85gxyvpf7mmrd` service tier `on_demand` on tokens per day (TPD): Limit 500000, Used 497648, Requested 2878. Please try again in 1m30.8928s. Need more tokens? Upgrade to Dev Tier today at https://console.groq.com/settings/billing', 'type': 'tokens', 'code': 'rate_limit_exceeded'}}
      ⚠️  Error on User_Manual_of_WA5471ABP-03050A-04_XAA_p99_img8.jpeg, retrying in 5 seconds... (Error code: 429 - {'error': {'message': 'Rate limit reached for model `meta-llama/llama-4-scout-17b-16e-instruct` in organization `org_01ka2nr7p4ege85gxyvpf7mmrd` service tier `on_demand` on tokens per day (TPD): Limit 500000, Used 497648, Requested 2878. Please try again in 1m30.8928s. Need more tokens? Upgrade to Dev Tier today at https://console.groq.com/settings/billing', 'type': 'tokens', 'code': 'rate_limit_exceeded'}})
      ⚠️  Error on User_Manual_of_WA5471ABP-03050A-04_XAA_p99_img8.jpeg, retrying in 5 seconds... (Error code: 429 - {'error': {'message': 'Rate limit reached for model `meta-llama/llama-4-scout-17b-16e-instruct` in organization `org_01ka2nr7p4ege85gxyvpf7mmrd` service tier `on_demand` on tokens per day (TPD): Limit 500000, Used 497617, Requested 2878. Please try again in 1m25.536s. Need more tokens? Upgrade to Dev Tier today at https://console.groq.com/settings/billing', 'type': 'tokens', 'code': 'rate_limit_exceeded'}})
      ❌ Error on User_Manual_of_WA5471ABP-03050A-04_XAA_p99_img8.jpeg: Error code: 429 - {'error': {'message': 'Rate limit reached for model `meta-llama/llama-4-scout-17b-16e-instruct` in organization `org_01ka2nr7p4ege85gxyvpf7mmrd` service tier `on_demand` on tokens per day (TPD): Limit 500000, Used 497587, Requested 2878. Please try again in 1m20.352s. Need more tokens? Upgrade to Dev Tier today at https://console.groq.com/settings/billing', 'type': 'tokens', 'code': 'rate_limit_exceeded'}}
      ⚠️  Error on User_Manual_of_WA5471ABP-03050A-04_XAA_p118_img2.png, retrying in 5 seconds... (Error code: 429 - {'error': {'message': 'Rate limit reached for model `meta-llama/llama-4-scout-17b-16e-instruct` in organization `org_01ka2nr7p4ege85gxyvpf7mmrd` service tier `on_demand` on tokens per day (TPD): Limit 500000, Used 497587, Requested 2985. Please try again in 1m38.8416s. Need more tokens? Upgrade to Dev Tier today at https://console.groq.com/settings/billing', 'type': 'tokens', 'code': 'rate_limit_exceeded'}})
      ⚠️  Error on User_Manual_of_WA5471ABP-03050A-04_XAA_p118_img2.png, retrying in 5 seconds... (Error code: 429 - {'error': {'message': 'Rate limit reached for model `meta-llama/llama-4-scout-17b-16e-instruct` in organization `org_01ka2nr7p4ege85gxyvpf7mmrd` service tier `on_demand` on tokens per day (TPD): Limit 500000, Used 497556, Requested 2985. Please try again in 1m33.4848s. Need more tokens? Upgrade to Dev Tier today at https://console.groq.com/settings/billing', 'type': 'tokens', 'code': 'rate_limit_exceeded'}})
      ❌ Error on User_Manual_of_WA5471ABP-03050A-04_XAA_p118_img2.png: Error code: 429 - {'error': {'message': 'Rate limit reached for model `meta-llama/llama-4-scout-17b-16e-instruct` in organization `org_01ka2nr7p4ege85gxyvpf7mmrd` service tier `on_demand` on tokens per day (TPD): Limit 500000, Used 497526, Requested 2985. Please try again in 1m28.3008s. Need more tokens? Upgrade to Dev Tier today at https://console.groq.com/settings/billing', 'type': 'tokens', 'code': 'rate_limit_exceeded'}}
   💾 Saved 0 new entries from User Manual of WA5471ABP-03050A-04_XAA.pdf. Total DB: 107

[11/19] Processing: User Manual of WA5471ABP.pdf
   📖 Reading PDF: User Manual of WA5471ABP.pdf (44 pages)
   👁️  Analyzing 5 potential images...
      🗑️  Skipping Junk: User_Manual_of_WA5471ABP_p1_img1.jpeg
      ⚠️  Error on User_Manual_of_WA5471ABP_p11_img1.jpeg, retrying in 5 seconds... (Error code: 429 - {'error': {'message': 'Rate limit reached for model `meta-llama/llama-4-scout-17b-16e-instruct` in organization `org_01ka2nr7p4ege85gxyvpf7mmrd` service tier `on_demand` on tokens per day (TPD): Limit 500000, Used 499999, Requested 2789. Please try again in 8m1.7664s. Need more tokens? Upgrade to Dev Tier today at https://console.groq.com/settings/billing', 'type': 'tokens', 'code': 'rate_limit_exceeded'}})
      ⚠️  Error on User_Manual_of_WA5471ABP_p11_img1.jpeg, retrying in 5 seconds... (Error code: 429 - {'error': {'message': 'Rate limit reached for model `meta-llama/llama-4-scout-17b-16e-instruct` in organization `org_01ka2nr7p4ege85gxyvpf7mmrd` service tier `on_demand` on tokens per day (TPD): Limit 500000, Used 499968, Requested 2813. Please try again in 8m0.5568s. Need more tokens? Upgrade to Dev Tier today at https://console.groq.com/settings/billing', 'type': 'tokens', 'code': 'rate_limit_exceeded'}})
      ❌ Error on User_Manual_of_WA5471ABP_p11_img1.jpeg: Error code: 429 - {'error': {'message': 'Rate limit reached for model `meta-llama/llama-4-scout-17b-16e-instruct` in organization `org_01ka2nr7p4ege85gxyvpf7mmrd` service tier `on_demand` on tokens per day (TPD): Limit 500000, Used 499938, Requested 2813. Please try again in 7m55.3728s. Need more tokens? Upgrade to Dev Tier today at https://console.groq.com/settings/billing', 'type': 'tokens', 'code': 'rate_limit_exceeded'}}
      ⚠️  Error on User_Manual_of_WA5471ABP_p11_img2.jpeg, retrying in 5 seconds... (Error code: 429 - {'error': {'message': 'Rate limit reached for model `meta-llama/llama-4-scout-17b-16e-instruct` in organization `org_01ka2nr7p4ege85gxyvpf7mmrd` service tier `on_demand` on tokens per day (TPD): Limit 500000, Used 499937, Requested 2789. Please try again in 7m51.0528s. Need more tokens? Upgrade to Dev Tier today at https://console.groq.com/settings/billing', 'type': 'tokens', 'code': 'rate_limit_exceeded'}})
      ⚠️  Error on User_Manual_of_WA5471ABP_p11_img2.jpeg, retrying in 5 seconds... (Error code: 429 - {'error': {'message': 'Rate limit reached for model `meta-llama/llama-4-scout-17b-16e-instruct` in organization `org_01ka2nr7p4ege85gxyvpf7mmrd` service tier `on_demand` on tokens per day (TPD): Limit 500000, Used 499906, Requested 2813. Please try again in 7m49.8432s. Need more tokens? Upgrade to Dev Tier today at https://console.groq.com/settings/billing', 'type': 'tokens', 'code': 'rate_limit_exceeded'}})
      ❌ Error on User_Manual_of_WA5471ABP_p11_img2.jpeg: Error code: 429 - {'error': {'message': 'Rate limit reached for model `meta-llama/llama-4-scout-17b-16e-instruct` in organization `org_01ka2nr7p4ege85gxyvpf7mmrd` service tier `on_demand` on tokens per day (TPD): Limit 500000, Used 499876, Requested 2789. Please try again in 7m40.511999999s. Need more tokens? Upgrade to Dev Tier today at https://console.groq.com/settings/billing', 'type': 'tokens', 'code': 'rate_limit_exceeded'}}
      ⚠️  Error on User_Manual_of_WA5471ABP_p11_img8.jpeg, retrying in 5 seconds... (Error code: 429 - {'error': {'message': 'Rate limit reached for model `meta-llama/llama-4-scout-17b-16e-instruct` in organization `org_01ka2nr7p4ege85gxyvpf7mmrd` service tier `on_demand` on tokens per day (TPD): Limit 500000, Used 499876, Requested 2789. Please try again in 7m40.511999999s. Need more tokens? Upgrade to Dev Tier today at https://console.groq.com/settings/billing', 'type': 'tokens', 'code': 'rate_limit_exceeded'}})
      ⚠️  Error on User_Manual_of_WA5471ABP_p11_img8.jpeg, retrying in 5 seconds... (Error code: 429 - {'error': {'message': 'Rate limit reached for model `meta-llama/llama-4-scout-17b-16e-instruct` in organization `org_01ka2nr7p4ege85gxyvpf7mmrd` service tier `on_demand` on tokens per day (TPD): Limit 500000, Used 499843, Requested 2813. Please try again in 7m38.9568s. Need more tokens? Upgrade to Dev Tier today at https://console.groq.com/settings/billing', 'type': 'tokens', 'code': 'rate_limit_exceeded'}})
      ❌ Error on User_Manual_of_WA5471ABP_p11_img8.jpeg: Error code: 429 - {'error': {'message': 'Rate limit reached for model `meta-llama/llama-4-scout-17b-16e-instruct` in organization `org_01ka2nr7p4ege85gxyvpf7mmrd` service tier `on_demand` on tokens per day (TPD): Limit 500000, Used 499813, Requested 2813. Please try again in 7m33.772799999s. Need more tokens? Upgrade to Dev Tier today at https://console.groq.com/settings/billing', 'type': 'tokens', 'code': 'rate_limit_exceeded'}}
      ⚠️  Error on User_Manual_of_WA5471ABP_p30_img2.png, retrying in 5 seconds... (Error code: 429 - {'error': {'message': 'Rate limit reached for model `meta-llama/llama-4-scout-17b-16e-instruct` in organization `org_01ka2nr7p4ege85gxyvpf7mmrd` service tier `on_demand` on tokens per day (TPD): Limit 500000, Used 499812, Requested 2922. Please try again in 7m52.435199999s. Need more tokens? Upgrade to Dev Tier today at https://console.groq.com/settings/billing', 'type': 'tokens', 'code': 'rate_limit_exceeded'}})
      ⚠️  Error on User_Manual_of_WA5471ABP_p30_img2.png, retrying in 5 seconds... (Error code: 429 - {'error': {'message': 'Rate limit reached for model `meta-llama/llama-4-scout-17b-16e-instruct` in organization `org_01ka2nr7p4ege85gxyvpf7mmrd` service tier `on_demand` on tokens per day (TPD): Limit 500000, Used 499781, Requested 2922. Please try again in 7m47.0784s. Need more tokens? Upgrade to Dev Tier today at https://console.groq.com/settings/billing', 'type': 'tokens', 'code': 'rate_limit_exceeded'}})
      ❌ Error on User_Manual_of_WA5471ABP_p30_img2.png: Error code: 429 - {'error': {'message': 'Rate limit reached for model `meta-llama/llama-4-scout-17b-16e-instruct` in organization `org_01ka2nr7p4ege85gxyvpf7mmrd` service tier `on_demand` on tokens per day (TPD): Limit 500000, Used 499750, Requested 2898. Please try again in 7m37.5744s. Need more tokens? Upgrade to Dev Tier today at https://console.groq.com/settings/billing', 'type': 'tokens', 'code': 'rate_limit_exceeded'}}
   💾 Saved 0 new entries from User Manual of WA5471ABP.pdf. Total DB: 107

[12/19] Processing: washer fresh and odour free15.pdf
   📖 Reading PDF: washer fresh and odour free15.pdf (4 pages)
   👁️  Analyzing 4 potential images...
      ⚠️  Error on washer_fresh_and_odour_free15_p1_img1.png, retrying in 5 seconds... (Error code: 429 - {'error': {'message': 'Rate limit reached for model `meta-llama/llama-4-scout-17b-16e-instruct` in organization `org_01ka2nr7p4ege85gxyvpf7mmrd` service tier `on_demand` on tokens per day (TPD): Limit 500000, Used 499747, Requested 2811. Please try again in 7m22.0224s. Need more tokens? Upgrade to Dev Tier today at https://console.groq.com/settings/billing', 'type': 'tokens', 'code': 'rate_limit_exceeded'}})
      ⚠️  Error on washer_fresh_and_odour_free15_p1_img1.png, retrying in 5 seconds... (Error code: 429 - {'error': {'message': 'Rate limit reached for model `meta-llama/llama-4-scout-17b-16e-instruct` in organization `org_01ka2nr7p4ege85gxyvpf7mmrd` service tier `on_demand` on tokens per day (TPD): Limit 500000, Used 499715, Requested 2811. Please try again in 7m16.4928s. Need more tokens? Upgrade to Dev Tier today at https://console.groq.com/settings/billing', 'type': 'tokens', 'code': 'rate_limit_exceeded'}})
      ❌ Error on washer_fresh_and_odour_free15_p1_img1.png: Error code: 429 - {'error': {'message': 'Rate limit reached for model `meta-llama/llama-4-scout-17b-16e-instruct` in organization `org_01ka2nr7p4ege85gxyvpf7mmrd` service tier `on_demand` on tokens per day (TPD): Limit 500000, Used 499681, Requested 2787. Please try again in 7m6.4704s. Need more tokens? Upgrade to Dev Tier today at https://console.groq.com/settings/billing', 'type': 'tokens', 'code': 'rate_limit_exceeded'}}
      ⚠️  Error on washer_fresh_and_odour_free15_p2_img1.png, retrying in 5 seconds... (Error code: 429 - {'error': {'message': 'Rate limit reached for model `meta-llama/llama-4-scout-17b-16e-instruct` in organization `org_01ka2nr7p4ege85gxyvpf7mmrd` service tier `on_demand` on tokens per day (TPD): Limit 500000, Used 499679, Requested 2940. Please try again in 7m32.563199999s. Need more tokens? Upgrade to Dev Tier today at https://console.groq.com/settings/billing', 'type': 'tokens', 'code': 'rate_limit_exceeded'}})
      ⚠️  Error on washer_fresh_and_odour_free15_p2_img1.png, retrying in 5 seconds... (Error code: 429 - {'error': {'message': 'Rate limit reached for model `meta-llama/llama-4-scout-17b-16e-instruct` in organization `org_01ka2nr7p4ege85gxyvpf7mmrd` service tier `on_demand` on tokens per day (TPD): Limit 500000, Used 499646, Requested 2940. Please try again in 7m26.8608s. Need more tokens? Upgrade to Dev Tier today at https://console.groq.com/settings/billing', 'type': 'tokens', 'code': 'rate_limit_exceeded'}})
      ❌ Error on washer_fresh_and_odour_free15_p2_img1.png: Error code: 429 - {'error': {'message': 'Rate limit reached for model `meta-llama/llama-4-scout-17b-16e-instruct` in organization `org_01ka2nr7p4ege85gxyvpf7mmrd` service tier `on_demand` on tokens per day (TPD): Limit 500000, Used 499613, Requested 2940. Please try again in 7m21.1584s. Need more tokens? Upgrade to Dev Tier today at https://console.groq.com/settings/billing', 'type': 'tokens', 'code': 'rate_limit_exceeded'}}
      ⚠️  Error on washer_fresh_and_odour_free15_p4_img1.png, retrying in 5 seconds... (Error code: 429 - {'error': {'message': 'Rate limit reached for model `meta-llama/llama-4-scout-17b-16e-instruct` in organization `org_01ka2nr7p4ege85gxyvpf7mmrd` service tier `on_demand` on tokens per day (TPD): Limit 500000, Used 499613, Requested 2800. Please try again in 6m56.9664s. Need more tokens? Upgrade to Dev Tier today at https://console.groq.com/settings/billing', 'type': 'tokens', 'code': 'rate_limit_exceeded'}})
      ⚠️  Error on washer_fresh_and_odour_free15_p4_img1.png, retrying in 5 seconds... (Error code: 429 - {'error': {'message': 'Rate limit reached for model `meta-llama/llama-4-scout-17b-16e-instruct` in organization `org_01ka2nr7p4ege85gxyvpf7mmrd` service tier `on_demand` on tokens per day (TPD): Limit 500000, Used 499582, Requested 2824. Please try again in 6m55.7568s. Need more tokens? Upgrade to Dev Tier today at https://console.groq.com/settings/billing', 'type': 'tokens', 'code': 'rate_limit_exceeded'}})
      ❌ Error on washer_fresh_and_odour_free15_p4_img1.png: Error code: 429 - {'error': {'message': 'Rate limit reached for model `meta-llama/llama-4-scout-17b-16e-instruct` in organization `org_01ka2nr7p4ege85gxyvpf7mmrd` service tier `on_demand` on tokens per day (TPD): Limit 500000, Used 499552, Requested 2824. Please try again in 6m50.5728s. Need more tokens? Upgrade to Dev Tier today at https://console.groq.com/settings/billing', 'type': 'tokens', 'code': 'rate_limit_exceeded'}}
      ⚠️  Error on washer_fresh_and_odour_free15_p4_img2.png, retrying in 5 seconds... (Error code: 429 - {'error': {'message': 'Rate limit reached for model `meta-llama/llama-4-scout-17b-16e-instruct` in organization `org_01ka2nr7p4ege85gxyvpf7mmrd` service tier `on_demand` on tokens per day (TPD): Limit 500000, Used 499551, Requested 2800. Please try again in 6m46.2528s. Need more tokens? Upgrade to Dev Tier today at https://console.groq.com/settings/billing', 'type': 'tokens', 'code': 'rate_limit_exceeded'}})
      ⚠️  Error on washer_fresh_and_odour_free15_p4_img2.png, retrying in 5 seconds... (Error code: 429 - {'error': {'message': 'Rate limit reached for model `meta-llama/llama-4-scout-17b-16e-instruct` in organization `org_01ka2nr7p4ege85gxyvpf7mmrd` service tier `on_demand` on tokens per day (TPD): Limit 500000, Used 499521, Requested 2800. Please try again in 6m41.0688s. Need more tokens? Upgrade to Dev Tier today at https://console.groq.com/settings/billing', 'type': 'tokens', 'code': 'rate_limit_exceeded'}})
      ❌ Error on washer_fresh_and_odour_free15_p4_img2.png: Error code: 429 - {'error': {'message': 'Rate limit reached for model `meta-llama/llama-4-scout-17b-16e-instruct` in organization `org_01ka2nr7p4ege85gxyvpf7mmrd` service tier `on_demand` on tokens per day (TPD): Limit 500000, Used 499490, Requested 2824. Please try again in 6m39.8592s. Need more tokens? Upgrade to Dev Tier today at https://console.groq.com/settings/billing', 'type': 'tokens', 'code': 'rate_limit_exceeded'}}
   💾 Saved 0 new entries from washer fresh and odour free15.pdf. Total DB: 107

[13/19] Processing: Washing Machine Door Is Locked.pdf
   📖 Reading PDF: Washing Machine Door Is Locked.pdf (11 pages)
   👁️  Analyzing 11 potential images...
      ⚠️  Error on Washing_Machine_Door_Is_Locked_p2_img1.png, retrying in 5 seconds... (Error code: 429 - {'error': {'message': 'Rate limit reached for model `meta-llama/llama-4-scout-17b-16e-instruct` in organization `org_01ka2nr7p4ege85gxyvpf7mmrd` service tier `on_demand` on tokens per day (TPD): Limit 500000, Used 499488, Requested 2852. Please try again in 6m44.352s. Need more tokens? Upgrade to Dev Tier today at https://console.groq.com/settings/billing', 'type': 'tokens', 'code': 'rate_limit_exceeded'}})
      ⚠️  Error on Washing_Machine_Door_Is_Locked_p2_img1.png, retrying in 5 seconds... (Error code: 429 - {'error': {'message': 'Rate limit reached for model `meta-llama/llama-4-scout-17b-16e-instruct` in organization `org_01ka2nr7p4ege85gxyvpf7mmrd` service tier `on_demand` on tokens per day (TPD): Limit 500000, Used 499457, Requested 2876. Please try again in 6m43.1424s. Need more tokens? Upgrade to Dev Tier today at https://console.groq.com/settings/billing', 'type': 'tokens', 'code': 'rate_limit_exceeded'}})
      ❌ Error on Washing_Machine_Door_Is_Locked_p2_img1.png: Error code: 429 - {'error': {'message': 'Rate limit reached for model `meta-llama/llama-4-scout-17b-16e-instruct` in organization `org_01ka2nr7p4ege85gxyvpf7mmrd` service tier `on_demand` on tokens per day (TPD): Limit 500000, Used 499426, Requested 2876. Please try again in 6m37.7856s. Need more tokens? Upgrade to Dev Tier today at https://console.groq.com/settings/billing', 'type': 'tokens', 'code': 'rate_limit_exceeded'}}
      ⚠️  Error on Washing_Machine_Door_Is_Locked_p2_img2.png, retrying in 5 seconds... (Error code: 429 - {'error': {'message': 'Rate limit reached for model `meta-llama/llama-4-scout-17b-16e-instruct` in organization `org_01ka2nr7p4ege85gxyvpf7mmrd` service tier `on_demand` on tokens per day (TPD): Limit 500000, Used 499425, Requested 2852. Please try again in 6m33.4656s. Need more tokens? Upgrade to Dev Tier today at https://console.groq.com/settings/billing', 'type': 'tokens', 'code': 'rate_limit_exceeded'}})
      ⚠️  Error on Washing_Machine_Door_Is_Locked_p2_img2.png, retrying in 5 seconds... (Error code: 429 - {'error': {'message': 'Rate limit reached for model `meta-llama/llama-4-scout-17b-16e-instruct` in organization `org_01ka2nr7p4ege85gxyvpf7mmrd` service tier `on_demand` on tokens per day (TPD): Limit 500000, Used 499395, Requested 2852. Please try again in 6m28.281599999s. Need more tokens? Upgrade to Dev Tier today at https://console.groq.com/settings/billing', 'type': 'tokens', 'code': 'rate_limit_exceeded'}})
      ❌ Error on Washing_Machine_Door_Is_Locked_p2_img2.png: Error code: 429 - {'error': {'message': 'Rate limit reached for model `meta-llama/llama-4-scout-17b-16e-instruct` in organization `org_01ka2nr7p4ege85gxyvpf7mmrd` service tier `on_demand` on tokens per day (TPD): Limit 500000, Used 499364, Requested 2876. Please try again in 6m27.071999999s. Need more tokens? Upgrade to Dev Tier today at https://console.groq.com/settings/billing', 'type': 'tokens', 'code': 'rate_limit_exceeded'}}
      ⚠️  Error on Washing_Machine_Door_Is_Locked_p9_img1.png, retrying in 5 seconds... (Error code: 429 - {'error': {'message': 'Rate limit reached for model `meta-llama/llama-4-scout-17b-16e-instruct` in organization `org_01ka2nr7p4ege85gxyvpf7mmrd` service tier `on_demand` on tokens per day (TPD): Limit 500000, Used 499363, Requested 2761. Please try again in 6m7.0272s. Need more tokens? Upgrade to Dev Tier today at https://console.groq.com/settings/billing', 'type': 'tokens', 'code': 'rate_limit_exceeded'}})
      ⚠️  Error on Washing_Machine_Door_Is_Locked_p9_img1.png, retrying in 5 seconds... (Error code: 429 - {'error': {'message': 'Rate limit reached for model `meta-llama/llama-4-scout-17b-16e-instruct` in organization `org_01ka2nr7p4ege85gxyvpf7mmrd` service tier `on_demand` on tokens per day (TPD): Limit 500000, Used 499332, Requested 2737. Please try again in 5m57.5232s. Need more tokens? Upgrade to Dev Tier today at https://console.groq.com/settings/billing', 'type': 'tokens', 'code': 'rate_limit_exceeded'}})
      ❌ Error on Washing_Machine_Door_Is_Locked_p9_img1.png: Error code: 429 - {'error': {'message': 'Rate limit reached for model `meta-llama/llama-4-scout-17b-16e-instruct` in organization `org_01ka2nr7p4ege85gxyvpf7mmrd` service tier `on_demand` on tokens per day (TPD): Limit 500000, Used 499301, Requested 2737. Please try again in 5m52.166399999s. Need more tokens? Upgrade to Dev Tier today at https://console.groq.com/settings/billing', 'type': 'tokens', 'code': 'rate_limit_exceeded'}}
      ⚠️  Error on Washing_Machine_Door_Is_Locked_p9_img2.png, retrying in 5 seconds... (Error code: 429 - {'error': {'message': 'Rate limit reached for model `meta-llama/llama-4-scout-17b-16e-instruct` in organization `org_01ka2nr7p4ege85gxyvpf7mmrd` service tier `on_demand` on tokens per day (TPD): Limit 500000, Used 499301, Requested 2761. Please try again in 5m56.3136s. Need more tokens? Upgrade to Dev Tier today at https://console.groq.com/settings/billing', 'type': 'tokens', 'code': 'rate_limit_exceeded'}})
      ⚠️  Error on Washing_Machine_Door_Is_Locked_p9_img2.png, retrying in 5 seconds... (Error code: 429 - {'error': {'message': 'Rate limit reached for model `meta-llama/llama-4-scout-17b-16e-instruct` in organization `org_01ka2nr7p4ege85gxyvpf7mmrd` service tier `on_demand` on tokens per day (TPD): Limit 500000, Used 499271, Requested 2737. Please try again in 5m46.9824s. Need more tokens? Upgrade to Dev Tier today at https://console.groq.com/settings/billing', 'type': 'tokens', 'code': 'rate_limit_exceeded'}})
      ❌ Error on Washing_Machine_Door_Is_Locked_p9_img2.png: Error code: 429 - {'error': {'message': 'Rate limit reached for model `meta-llama/llama-4-scout-17b-16e-instruct` in organization `org_01ka2nr7p4ege85gxyvpf7mmrd` service tier `on_demand` on tokens per day (TPD): Limit 500000, Used 499240, Requested 2737. Please try again in 5m41.6256s. Need more tokens? Upgrade to Dev Tier today at https://console.groq.com/settings/billing', 'type': 'tokens', 'code': 'rate_limit_exceeded'}}
      ⚠️  Error on Washing_Machine_Door_Is_Locked_p9_img3.png, retrying in 5 seconds... (Error code: 429 - {'error': {'message': 'Rate limit reached for model `meta-llama/llama-4-scout-17b-16e-instruct` in organization `org_01ka2nr7p4ege85gxyvpf7mmrd` service tier `on_demand` on tokens per day (TPD): Limit 500000, Used 499240, Requested 2761. Please try again in 5m45.7728s. Need more tokens? Upgrade to Dev Tier today at https://console.groq.com/settings/billing', 'type': 'tokens', 'code': 'rate_limit_exceeded'}})
      ⚠️  Error on Washing_Machine_Door_Is_Locked_p9_img3.png, retrying in 5 seconds... (Error code: 429 - {'error': {'message': 'Rate limit reached for model `meta-llama/llama-4-scout-17b-16e-instruct` in organization `org_01ka2nr7p4ege85gxyvpf7mmrd` service tier `on_demand` on tokens per day (TPD): Limit 500000, Used 499209, Requested 2737. Please try again in 5m36.2688s. Need more tokens? Upgrade to Dev Tier today at https://console.groq.com/settings/billing', 'type': 'tokens', 'code': 'rate_limit_exceeded'}})
      ❌ Error on Washing_Machine_Door_Is_Locked_p9_img3.png: Error code: 429 - {'error': {'message': 'Rate limit reached for model `meta-llama/llama-4-scout-17b-16e-instruct` in organization `org_01ka2nr7p4ege85gxyvpf7mmrd` service tier `on_demand` on tokens per day (TPD): Limit 500000, Used 499179, Requested 2761. Please try again in 5m35.232s. Need more tokens? Upgrade to Dev Tier today at https://console.groq.com/settings/billing', 'type': 'tokens', 'code': 'rate_limit_exceeded'}}
      ⚠️  Error on Washing_Machine_Door_Is_Locked_p9_img4.png, retrying in 5 seconds... (Error code: 429 - {'error': {'message': 'Rate limit reached for model `meta-llama/llama-4-scout-17b-16e-instruct` in organization `org_01ka2nr7p4ege85gxyvpf7mmrd` service tier `on_demand` on tokens per day (TPD): Limit 500000, Used 499178, Requested 2737. Please try again in 5m30.912s. Need more tokens? Upgrade to Dev Tier today at https://console.groq.com/settings/billing', 'type': 'tokens', 'code': 'rate_limit_exceeded'}})
      ⚠️  Error on Washing_Machine_Door_Is_Locked_p9_img4.png, retrying in 5 seconds... (Error code: 429 - {'error': {'message': 'Rate limit reached for model `meta-llama/llama-4-scout-17b-16e-instruct` in organization `org_01ka2nr7p4ege85gxyvpf7mmrd` service tier `on_demand` on tokens per day (TPD): Limit 500000, Used 499146, Requested 2761. Please try again in 5m29.5296s. Need more tokens? Upgrade to Dev Tier today at https://console.groq.com/settings/billing', 'type': 'tokens', 'code': 'rate_limit_exceeded'}})
      ❌ Error on Washing_Machine_Door_Is_Locked_p9_img4.png: Error code: 429 - {'error': {'message': 'Rate limit reached for model `meta-llama/llama-4-scout-17b-16e-instruct` in organization `org_01ka2nr7p4ege85gxyvpf7mmrd` service tier `on_demand` on tokens per day (TPD): Limit 500000, Used 499110, Requested 2737. Please try again in 5m19.161599999s. Need more tokens? Upgrade to Dev Tier today at https://console.groq.com/settings/billing', 'type': 'tokens', 'code': 'rate_limit_exceeded'}}
      ⚠️  Error on Washing_Machine_Door_Is_Locked_p9_img5.png, retrying in 5 seconds... (Error code: 429 - {'error': {'message': 'Rate limit reached for model `meta-llama/llama-4-scout-17b-16e-instruct` in organization `org_01ka2nr7p4ege85gxyvpf7mmrd` service tier `on_demand` on tokens per day (TPD): Limit 500000, Used 499108, Requested 2761. Please try again in 5m22.9632s. Need more tokens? Upgrade to Dev Tier today at https://console.groq.com/settings/billing', 'type': 'tokens', 'code': 'rate_limit_exceeded'}})
      ⚠️  Error on Washing_Machine_Door_Is_Locked_p9_img5.png, retrying in 5 seconds... (Error code: 429 - {'error': {'message': 'Rate limit reached for model `meta-llama/llama-4-scout-17b-16e-instruct` in organization `org_01ka2nr7p4ege85gxyvpf7mmrd` service tier `on_demand` on tokens per day (TPD): Limit 500000, Used 499075, Requested 2737. Please try again in 5m13.1136s. Need more tokens? Upgrade to Dev Tier today at https://console.groq.com/settings/billing', 'type': 'tokens', 'code': 'rate_limit_exceeded'}})
      ❌ Error on Washing_Machine_Door_Is_Locked_p9_img5.png: Error code: 429 - {'error': {'message': 'Rate limit reached for model `meta-llama/llama-4-scout-17b-16e-instruct` in organization `org_01ka2nr7p4ege85gxyvpf7mmrd` service tier `on_demand` on tokens per day (TPD): Limit 500000, Used 499044, Requested 2761. Please try again in 5m11.904s. Need more tokens? Upgrade to Dev Tier today at https://console.groq.com/settings/billing', 'type': 'tokens', 'code': 'rate_limit_exceeded'}}
      ⚠️  Error on Washing_Machine_Door_Is_Locked_p9_img6.png, retrying in 5 seconds... (Error code: 429 - {'error': {'message': 'Rate limit reached for model `meta-llama/llama-4-scout-17b-16e-instruct` in organization `org_01ka2nr7p4ege85gxyvpf7mmrd` service tier `on_demand` on tokens per day (TPD): Limit 500000, Used 499041, Requested 2761. Please try again in 5m11.3856s. Need more tokens? Upgrade to Dev Tier today at https://console.groq.com/settings/billing', 'type': 'tokens', 'code': 'rate_limit_exceeded'}})
      ⚠️  Error on Washing_Machine_Door_Is_Locked_p9_img6.png, retrying in 5 seconds... (Error code: 429 - {'error': {'message': 'Rate limit reached for model `meta-llama/llama-4-scout-17b-16e-instruct` in organization `org_01ka2nr7p4ege85gxyvpf7mmrd` service tier `on_demand` on tokens per day (TPD): Limit 500000, Used 499008, Requested 2737. Please try again in 5m1.536s. Need more tokens? Upgrade to Dev Tier today at https://console.groq.com/settings/billing', 'type': 'tokens', 'code': 'rate_limit_exceeded'}})
      ❌ Error on Washing_Machine_Door_Is_Locked_p9_img6.png: Error code: 429 - {'error': {'message': 'Rate limit reached for model `meta-llama/llama-4-scout-17b-16e-instruct` in organization `org_01ka2nr7p4ege85gxyvpf7mmrd` service tier `on_demand` on tokens per day (TPD): Limit 500000, Used 498977, Requested 2737. Please try again in 4m56.1792s. Need more tokens? Upgrade to Dev Tier today at https://console.groq.com/settings/billing', 'type': 'tokens', 'code': 'rate_limit_exceeded'}}
      ⚠️  Error on Washing_Machine_Door_Is_Locked_p9_img7.png, retrying in 5 seconds... (Error code: 429 - {'error': {'message': 'Rate limit reached for model `meta-llama/llama-4-scout-17b-16e-instruct` in organization `org_01ka2nr7p4ege85gxyvpf7mmrd` service tier `on_demand` on tokens per day (TPD): Limit 500000, Used 498977, Requested 2737. Please try again in 4m56.1792s. Need more tokens? Upgrade to Dev Tier today at https://console.groq.com/settings/billing', 'type': 'tokens', 'code': 'rate_limit_exceeded'}})
      ⚠️  Error on Washing_Machine_Door_Is_Locked_p9_img7.png, retrying in 5 seconds... (Error code: 429 - {'error': {'message': 'Rate limit reached for model `meta-llama/llama-4-scout-17b-16e-instruct` in organization `org_01ka2nr7p4ege85gxyvpf7mmrd` service tier `on_demand` on tokens per day (TPD): Limit 500000, Used 498944, Requested 2761. Please try again in 4m54.623999999s. Need more tokens? Upgrade to Dev Tier today at https://console.groq.com/settings/billing', 'type': 'tokens', 'code': 'rate_limit_exceeded'}})
      ❌ Error on Washing_Machine_Door_Is_Locked_p9_img7.png: Error code: 429 - {'error': {'message': 'Rate limit reached for model `meta-llama/llama-4-scout-17b-16e-instruct` in organization `org_01ka2nr7p4ege85gxyvpf7mmrd` service tier `on_demand` on tokens per day (TPD): Limit 500000, Used 498914, Requested 2761. Please try again in 4m49.44s. Need more tokens? Upgrade to Dev Tier today at https://console.groq.com/settings/billing', 'type': 'tokens', 'code': 'rate_limit_exceeded'}}
      ⚠️  Error on Washing_Machine_Door_Is_Locked_p11_img1.png, retrying in 5 seconds... (Error code: 429 - {'error': {'message': 'Rate limit reached for model `meta-llama/llama-4-scout-17b-16e-instruct` in organization `org_01ka2nr7p4ege85gxyvpf7mmrd` service tier `on_demand` on tokens per day (TPD): Limit 500000, Used 498914, Requested 2631. Please try again in 4m26.976s. Need more tokens? Upgrade to Dev Tier today at https://console.groq.com/settings/billing', 'type': 'tokens', 'code': 'rate_limit_exceeded'}})
      ⚠️  Error on Washing_Machine_Door_Is_Locked_p11_img1.png, retrying in 5 seconds... (Error code: 429 - {'error': {'message': 'Rate limit reached for model `meta-llama/llama-4-scout-17b-16e-instruct` in organization `org_01ka2nr7p4ege85gxyvpf7mmrd` service tier `on_demand` on tokens per day (TPD): Limit 500000, Used 498881, Requested 2631. Please try again in 4m21.2736s. Need more tokens? Upgrade to Dev Tier today at https://console.groq.com/settings/billing', 'type': 'tokens', 'code': 'rate_limit_exceeded'}})
      ❌ Error on Washing_Machine_Door_Is_Locked_p11_img1.png: Error code: 429 - {'error': {'message': 'Rate limit reached for model `meta-llama/llama-4-scout-17b-16e-instruct` in organization `org_01ka2nr7p4ege85gxyvpf7mmrd` service tier `on_demand` on tokens per day (TPD): Limit 500000, Used 498849, Requested 2655. Please try again in 4m19.891199999s. Need more tokens? Upgrade to Dev Tier today at https://console.groq.com/settings/billing', 'type': 'tokens', 'code': 'rate_limit_exceeded'}}
      ⚠️  Error on Washing_Machine_Door_Is_Locked_p11_img2.png, retrying in 5 seconds... (Error code: 429 - {'error': {'message': 'Rate limit reached for model `meta-llama/llama-4-scout-17b-16e-instruct` in organization `org_01ka2nr7p4ege85gxyvpf7mmrd` service tier `on_demand` on tokens per day (TPD): Limit 500000, Used 498849, Requested 2631. Please try again in 4m15.744s. Need more tokens? Upgrade to Dev Tier today at https://console.groq.com/settings/billing', 'type': 'tokens', 'code': 'rate_limit_exceeded'}})
      ⚠️  Error on Washing_Machine_Door_Is_Locked_p11_img2.png, retrying in 5 seconds... (Error code: 429 - {'error': {'message': 'Rate limit reached for model `meta-llama/llama-4-scout-17b-16e-instruct` in organization `org_01ka2nr7p4ege85gxyvpf7mmrd` service tier `on_demand` on tokens per day (TPD): Limit 500000, Used 498819, Requested 2655. Please try again in 4m14.7072s. Need more tokens? Upgrade to Dev Tier today at https://console.groq.com/settings/billing', 'type': 'tokens', 'code': 'rate_limit_exceeded'}})
      ❌ Error on Washing_Machine_Door_Is_Locked_p11_img2.png: Error code: 429 - {'error': {'message': 'Rate limit reached for model `meta-llama/llama-4-scout-17b-16e-instruct` in organization `org_01ka2nr7p4ege85gxyvpf7mmrd` service tier `on_demand` on tokens per day (TPD): Limit 500000, Used 498788, Requested 2631. Please try again in 4m5.203199999s. Need more tokens? Upgrade to Dev Tier today at https://console.groq.com/settings/billing', 'type': 'tokens', 'code': 'rate_limit_exceeded'}}
   💾 Saved 0 new entries from Washing Machine Door Is Locked.pdf. Total DB: 107

[14/19] Processing: Washing Machine Is Leaking.pdf
   📖 Reading PDF: Washing Machine Is Leaking.pdf (12 pages)
   👁️  Analyzing 12 potential images...
      ⚠️  Error on Washing_Machine_Is_Leaking_p2_img1.png, retrying in 5 seconds... (Error code: 429 - {'error': {'message': 'Rate limit reached for model `meta-llama/llama-4-scout-17b-16e-instruct` in organization `org_01ka2nr7p4ege85gxyvpf7mmrd` service tier `on_demand` on tokens per day (TPD): Limit 500000, Used 498786, Requested 2881. Please try again in 4m48.0576s. Need more tokens? Upgrade to Dev Tier today at https://console.groq.com/settings/billing', 'type': 'tokens', 'code': 'rate_limit_exceeded'}})
      ⚠️  Error on Washing_Machine_Is_Leaking_p2_img1.png, retrying in 5 seconds... (Error code: 429 - {'error': {'message': 'Rate limit reached for model `meta-llama/llama-4-scout-17b-16e-instruct` in organization `org_01ka2nr7p4ege85gxyvpf7mmrd` service tier `on_demand` on tokens per day (TPD): Limit 500000, Used 498755, Requested 2881. Please try again in 4m42.7008s. Need more tokens? Upgrade to Dev Tier today at https://console.groq.com/settings/billing', 'type': 'tokens', 'code': 'rate_limit_exceeded'}})
      ❌ Error on Washing_Machine_Is_Leaking_p2_img1.png: Error code: 429 - {'error': {'message': 'Rate limit reached for model `meta-llama/llama-4-scout-17b-16e-instruct` in organization `org_01ka2nr7p4ege85gxyvpf7mmrd` service tier `on_demand` on tokens per day (TPD): Limit 500000, Used 498723, Requested 2857. Please try again in 4m33.024s. Need more tokens? Upgrade to Dev Tier today at https://console.groq.com/settings/billing', 'type': 'tokens', 'code': 'rate_limit_exceeded'}}
      ⚠️  Error on Washing_Machine_Is_Leaking_p2_img2.png, retrying in 5 seconds... (Error code: 429 - {'error': {'message': 'Rate limit reached for model `meta-llama/llama-4-scout-17b-16e-instruct` in organization `org_01ka2nr7p4ege85gxyvpf7mmrd` service tier `on_demand` on tokens per day (TPD): Limit 500000, Used 498723, Requested 2857. Please try again in 4m33.024s. Need more tokens? Upgrade to Dev Tier today at https://console.groq.com/settings/billing', 'type': 'tokens', 'code': 'rate_limit_exceeded'}})
      ⚠️  Error on Washing_Machine_Is_Leaking_p2_img2.png, retrying in 5 seconds... (Error code: 429 - {'error': {'message': 'Rate limit reached for model `meta-llama/llama-4-scout-17b-16e-instruct` in organization `org_01ka2nr7p4ege85gxyvpf7mmrd` service tier `on_demand` on tokens per day (TPD): Limit 500000, Used 498691, Requested 2857. Please try again in 4m27.494399999s. Need more tokens? Upgrade to Dev Tier today at https://console.groq.com/settings/billing', 'type': 'tokens', 'code': 'rate_limit_exceeded'}})
      ❌ Error on Washing_Machine_Is_Leaking_p2_img2.png: Error code: 429 - {'error': {'message': 'Rate limit reached for model `meta-llama/llama-4-scout-17b-16e-instruct` in organization `org_01ka2nr7p4ege85gxyvpf7mmrd` service tier `on_demand` on tokens per day (TPD): Limit 500000, Used 498659, Requested 2881. Please try again in 4m26.111999999s. Need more tokens? Upgrade to Dev Tier today at https://console.groq.com/settings/billing', 'type': 'tokens', 'code': 'rate_limit_exceeded'}}
      ⚠️  Error on Washing_Machine_Is_Leaking_p8_img1.png, retrying in 5 seconds... (Error code: 429 - {'error': {'message': 'Rate limit reached for model `meta-llama/llama-4-scout-17b-16e-instruct` in organization `org_01ka2nr7p4ege85gxyvpf7mmrd` service tier `on_demand` on tokens per day (TPD): Limit 500000, Used 498659, Requested 3017. Please try again in 4m49.6128s. Need more tokens? Upgrade to Dev Tier today at https://console.groq.com/settings/billing', 'type': 'tokens', 'code': 'rate_limit_exceeded'}})
      ⚠️  Error on Washing_Machine_Is_Leaking_p8_img1.png, retrying in 5 seconds... (Error code: 429 - {'error': {'message': 'Rate limit reached for model `meta-llama/llama-4-scout-17b-16e-instruct` in organization `org_01ka2nr7p4ege85gxyvpf7mmrd` service tier `on_demand` on tokens per day (TPD): Limit 500000, Used 498628, Requested 3017. Please try again in 4m44.256s. Need more tokens? Upgrade to Dev Tier today at https://console.groq.com/settings/billing', 'type': 'tokens', 'code': 'rate_limit_exceeded'}})
      ❌ Error on Washing_Machine_Is_Leaking_p8_img1.png: Error code: 429 - {'error': {'message': 'Rate limit reached for model `meta-llama/llama-4-scout-17b-16e-instruct` in organization `org_01ka2nr7p4ege85gxyvpf7mmrd` service tier `on_demand` on tokens per day (TPD): Limit 500000, Used 498597, Requested 2993. Please try again in 4m34.752s. Need more tokens? Upgrade to Dev Tier today at https://console.groq.com/settings/billing', 'type': 'tokens', 'code': 'rate_limit_exceeded'}}
      ⚠️  Error on Washing_Machine_Is_Leaking_p10_img1.png, retrying in 5 seconds... (Error code: 429 - {'error': {'message': 'Rate limit reached for model `meta-llama/llama-4-scout-17b-16e-instruct` in organization `org_01ka2nr7p4ege85gxyvpf7mmrd` service tier `on_demand` on tokens per day (TPD): Limit 500000, Used 498596, Requested 2699. Please try again in 3m43.775999999s. Need more tokens? Upgrade to Dev Tier today at https://console.groq.com/settings/billing', 'type': 'tokens', 'code': 'rate_limit_exceeded'}})
      ⚠️  Error on Washing_Machine_Is_Leaking_p10_img1.png, retrying in 5 seconds... (Error code: 429 - {'error': {'message': 'Rate limit reached for model `meta-llama/llama-4-scout-17b-16e-instruct` in organization `org_01ka2nr7p4ege85gxyvpf7mmrd` service tier `on_demand` on tokens per day (TPD): Limit 500000, Used 498565, Requested 2723. Please try again in 3m42.5664s. Need more tokens? Upgrade to Dev Tier today at https://console.groq.com/settings/billing', 'type': 'tokens', 'code': 'rate_limit_exceeded'}})
      ❌ Error on Washing_Machine_Is_Leaking_p10_img1.png: Error code: 429 - {'error': {'message': 'Rate limit reached for model `meta-llama/llama-4-scout-17b-16e-instruct` in organization `org_01ka2nr7p4ege85gxyvpf7mmrd` service tier `on_demand` on tokens per day (TPD): Limit 500000, Used 498534, Requested 2699. Please try again in 3m33.0624s. Need more tokens? Upgrade to Dev Tier today at https://console.groq.com/settings/billing', 'type': 'tokens', 'code': 'rate_limit_exceeded'}}
      ⚠️  Error on Washing_Machine_Is_Leaking_p10_img2.png, retrying in 5 seconds... (Error code: 429 - {'error': {'message': 'Rate limit reached for model `meta-llama/llama-4-scout-17b-16e-instruct` in organization `org_01ka2nr7p4ege85gxyvpf7mmrd` service tier `on_demand` on tokens per day (TPD): Limit 500000, Used 498534, Requested 2699. Please try again in 3m33.0624s. Need more tokens? Upgrade to Dev Tier today at https://console.groq.com/settings/billing', 'type': 'tokens', 'code': 'rate_limit_exceeded'}})
      ⚠️  Error on Washing_Machine_Is_Leaking_p10_img2.png, retrying in 5 seconds... (Error code: 429 - {'error': {'message': 'Rate limit reached for model `meta-llama/llama-4-scout-17b-16e-instruct` in organization `org_01ka2nr7p4ege85gxyvpf7mmrd` service tier `on_demand` on tokens per day (TPD): Limit 500000, Used 498503, Requested 2699. Please try again in 3m27.7056s. Need more tokens? Upgrade to Dev Tier today at https://console.groq.com/settings/billing', 'type': 'tokens', 'code': 'rate_limit_exceeded'}})
      ❌ Error on Washing_Machine_Is_Leaking_p10_img2.png: Error code: 429 - {'error': {'message': 'Rate limit reached for model `meta-llama/llama-4-scout-17b-16e-instruct` in organization `org_01ka2nr7p4ege85gxyvpf7mmrd` service tier `on_demand` on tokens per day (TPD): Limit 500000, Used 498473, Requested 2699. Please try again in 3m22.5216s. Need more tokens? Upgrade to Dev Tier today at https://console.groq.com/settings/billing', 'type': 'tokens', 'code': 'rate_limit_exceeded'}}
      ⚠️  Error on Washing_Machine_Is_Leaking_p10_img3.png, retrying in 5 seconds... (Error code: 429 - {'error': {'message': 'Rate limit reached for model `meta-llama/llama-4-scout-17b-16e-instruct` in organization `org_01ka2nr7p4ege85gxyvpf7mmrd` service tier `on_demand` on tokens per day (TPD): Limit 500000, Used 498472, Requested 2723. Please try again in 3m26.496s. Need more tokens? Upgrade to Dev Tier today at https://console.groq.com/settings/billing', 'type': 'tokens', 'code': 'rate_limit_exceeded'}})
      ⚠️  Error on Washing_Machine_Is_Leaking_p10_img3.png, retrying in 5 seconds... (Error code: 429 - {'error': {'message': 'Rate limit reached for model `meta-llama/llama-4-scout-17b-16e-instruct` in organization `org_01ka2nr7p4ege85gxyvpf7mmrd` service tier `on_demand` on tokens per day (TPD): Limit 500000, Used 498442, Requested 2699. Please try again in 3m17.1648s. Need more tokens? Upgrade to Dev Tier today at https://console.groq.com/settings/billing', 'type': 'tokens', 'code': 'rate_limit_exceeded'}})
      ❌ Error on Washing_Machine_Is_Leaking_p10_img3.png: Error code: 429 - {'error': {'message': 'Rate limit reached for model `meta-llama/llama-4-scout-17b-16e-instruct` in organization `org_01ka2nr7p4ege85gxyvpf7mmrd` service tier `on_demand` on tokens per day (TPD): Limit 500000, Used 498412, Requested 2699. Please try again in 3m11.9808s. Need more tokens? Upgrade to Dev Tier today at https://console.groq.com/settings/billing', 'type': 'tokens', 'code': 'rate_limit_exceeded'}}
      ⚠️  Error on Washing_Machine_Is_Leaking_p10_img4.png, retrying in 5 seconds... (Error code: 429 - {'error': {'message': 'Rate limit reached for model `meta-llama/llama-4-scout-17b-16e-instruct` in organization `org_01ka2nr7p4ege85gxyvpf7mmrd` service tier `on_demand` on tokens per day (TPD): Limit 500000, Used 498411, Requested 2723. Please try again in 3m15.9552s. Need more tokens? Upgrade to Dev Tier today at https://console.groq.com/settings/billing', 'type': 'tokens', 'code': 'rate_limit_exceeded'}})
      ⚠️  Error on Washing_Machine_Is_Leaking_p10_img4.png, retrying in 5 seconds... (Error code: 429 - {'error': {'message': 'Rate limit reached for model `meta-llama/llama-4-scout-17b-16e-instruct` in organization `org_01ka2nr7p4ege85gxyvpf7mmrd` service tier `on_demand` on tokens per day (TPD): Limit 500000, Used 498380, Requested 2699. Please try again in 3m6.4512s. Need more tokens? Upgrade to Dev Tier today at https://console.groq.com/settings/billing', 'type': 'tokens', 'code': 'rate_limit_exceeded'}})
      ❌ Error on Washing_Machine_Is_Leaking_p10_img4.png: Error code: 429 - {'error': {'message': 'Rate limit reached for model `meta-llama/llama-4-scout-17b-16e-instruct` in organization `org_01ka2nr7p4ege85gxyvpf7mmrd` service tier `on_demand` on tokens per day (TPD): Limit 500000, Used 498349, Requested 2723. Please try again in 3m5.2416s. Need more tokens? Upgrade to Dev Tier today at https://console.groq.com/settings/billing', 'type': 'tokens', 'code': 'rate_limit_exceeded'}}
      ⚠️  Error on Washing_Machine_Is_Leaking_p10_img5.png, retrying in 5 seconds... (Error code: 429 - {'error': {'message': 'Rate limit reached for model `meta-llama/llama-4-scout-17b-16e-instruct` in organization `org_01ka2nr7p4ege85gxyvpf7mmrd` service tier `on_demand` on tokens per day (TPD): Limit 500000, Used 498349, Requested 2723. Please try again in 3m5.2416s. Need more tokens? Upgrade to Dev Tier today at https://console.groq.com/settings/billing', 'type': 'tokens', 'code': 'rate_limit_exceeded'}})
      ⚠️  Error on Washing_Machine_Is_Leaking_p10_img5.png, retrying in 5 seconds... (Error code: 429 - {'error': {'message': 'Rate limit reached for model `meta-llama/llama-4-scout-17b-16e-instruct` in organization `org_01ka2nr7p4ege85gxyvpf7mmrd` service tier `on_demand` on tokens per day (TPD): Limit 500000, Used 498318, Requested 2723. Please try again in 2m59.8848s. Need more tokens? Upgrade to Dev Tier today at https://console.groq.com/settings/billing', 'type': 'tokens', 'code': 'rate_limit_exceeded'}})
      ❌ Error on Washing_Machine_Is_Leaking_p10_img5.png: Error code: 429 - {'error': {'message': 'Rate limit reached for model `meta-llama/llama-4-scout-17b-16e-instruct` in organization `org_01ka2nr7p4ege85gxyvpf7mmrd` service tier `on_demand` on tokens per day (TPD): Limit 500000, Used 498287, Requested 2723. Please try again in 2m54.528s. Need more tokens? Upgrade to Dev Tier today at https://console.groq.com/settings/billing', 'type': 'tokens', 'code': 'rate_limit_exceeded'}}
      ⚠️  Error on Washing_Machine_Is_Leaking_p10_img6.png, retrying in 5 seconds... (Error code: 429 - {'error': {'message': 'Rate limit reached for model `meta-llama/llama-4-scout-17b-16e-instruct` in organization `org_01ka2nr7p4ege85gxyvpf7mmrd` service tier `on_demand` on tokens per day (TPD): Limit 500000, Used 498287, Requested 2699. Please try again in 2m50.3808s. Need more tokens? Upgrade to Dev Tier today at https://console.groq.com/settings/billing', 'type': 'tokens', 'code': 'rate_limit_exceeded'}})
      ⚠️  Error on Washing_Machine_Is_Leaking_p10_img6.png, retrying in 5 seconds... (Error code: 429 - {'error': {'message': 'Rate limit reached for model `meta-llama/llama-4-scout-17b-16e-instruct` in organization `org_01ka2nr7p4ege85gxyvpf7mmrd` service tier `on_demand` on tokens per day (TPD): Limit 500000, Used 498256, Requested 2699. Please try again in 2m45.024s. Need more tokens? Upgrade to Dev Tier today at https://console.groq.com/settings/billing', 'type': 'tokens', 'code': 'rate_limit_exceeded'}})
      ❌ Error on Washing_Machine_Is_Leaking_p10_img6.png: Error code: 429 - {'error': {'message': 'Rate limit reached for model `meta-llama/llama-4-scout-17b-16e-instruct` in organization `org_01ka2nr7p4ege85gxyvpf7mmrd` service tier `on_demand` on tokens per day (TPD): Limit 500000, Used 498225, Requested 2699. Please try again in 2m39.6672s. Need more tokens? Upgrade to Dev Tier today at https://console.groq.com/settings/billing', 'type': 'tokens', 'code': 'rate_limit_exceeded'}}
      ⚠️  Error on Washing_Machine_Is_Leaking_p10_img7.png, retrying in 5 seconds... (Error code: 429 - {'error': {'message': 'Rate limit reached for model `meta-llama/llama-4-scout-17b-16e-instruct` in organization `org_01ka2nr7p4ege85gxyvpf7mmrd` service tier `on_demand` on tokens per day (TPD): Limit 500000, Used 498225, Requested 2699. Please try again in 2m39.6672s. Need more tokens? Upgrade to Dev Tier today at https://console.groq.com/settings/billing', 'type': 'tokens', 'code': 'rate_limit_exceeded'}})
      ⚠️  Error on Washing_Machine_Is_Leaking_p10_img7.png, retrying in 5 seconds... (Error code: 429 - {'error': {'message': 'Rate limit reached for model `meta-llama/llama-4-scout-17b-16e-instruct` in organization `org_01ka2nr7p4ege85gxyvpf7mmrd` service tier `on_demand` on tokens per day (TPD): Limit 500000, Used 498195, Requested 2699. Please try again in 2m34.4832s. Need more tokens? Upgrade to Dev Tier today at https://console.groq.com/settings/billing', 'type': 'tokens', 'code': 'rate_limit_exceeded'}})
      ❌ Error on Washing_Machine_Is_Leaking_p10_img7.png: Error code: 429 - {'error': {'message': 'Rate limit reached for model `meta-llama/llama-4-scout-17b-16e-instruct` in organization `org_01ka2nr7p4ege85gxyvpf7mmrd` service tier `on_demand` on tokens per day (TPD): Limit 500000, Used 498165, Requested 2723. Please try again in 2m33.4464s. Need more tokens? Upgrade to Dev Tier today at https://console.groq.com/settings/billing', 'type': 'tokens', 'code': 'rate_limit_exceeded'}}
      ⚠️  Error on Washing_Machine_Is_Leaking_p11_img1.png, retrying in 5 seconds... (Error code: 429 - {'error': {'message': 'Rate limit reached for model `meta-llama/llama-4-scout-17b-16e-instruct` in organization `org_01ka2nr7p4ege85gxyvpf7mmrd` service tier `on_demand` on tokens per day (TPD): Limit 500000, Used 498164, Requested 2663. Please try again in 2m22.9056s. Need more tokens? Upgrade to Dev Tier today at https://console.groq.com/settings/billing', 'type': 'tokens', 'code': 'rate_limit_exceeded'}})
      ⚠️  Error on Washing_Machine_Is_Leaking_p11_img1.png, retrying in 5 seconds... (Error code: 429 - {'error': {'message': 'Rate limit reached for model `meta-llama/llama-4-scout-17b-16e-instruct` in organization `org_01ka2nr7p4ege85gxyvpf7mmrd` service tier `on_demand` on tokens per day (TPD): Limit 500000, Used 498128, Requested 2663. Please try again in 2m16.6848s. Need more tokens? Upgrade to Dev Tier today at https://console.groq.com/settings/billing', 'type': 'tokens', 'code': 'rate_limit_exceeded'}})
      ❌ Error on Washing_Machine_Is_Leaking_p11_img1.png: Error code: 429 - {'error': {'message': 'Rate limit reached for model `meta-llama/llama-4-scout-17b-16e-instruct` in organization `org_01ka2nr7p4ege85gxyvpf7mmrd` service tier `on_demand` on tokens per day (TPD): Limit 500000, Used 498098, Requested 2663. Please try again in 2m11.5008s. Need more tokens? Upgrade to Dev Tier today at https://console.groq.com/settings/billing', 'type': 'tokens', 'code': 'rate_limit_exceeded'}}
      ⚠️  Error on Washing_Machine_Is_Leaking_p11_img2.png, retrying in 5 seconds... (Error code: 429 - {'error': {'message': 'Rate limit reached for model `meta-llama/llama-4-scout-17b-16e-instruct` in organization `org_01ka2nr7p4ege85gxyvpf7mmrd` service tier `on_demand` on tokens per day (TPD): Limit 500000, Used 498097, Requested 2663. Please try again in 2m11.328s. Need more tokens? Upgrade to Dev Tier today at https://console.groq.com/settings/billing', 'type': 'tokens', 'code': 'rate_limit_exceeded'}})
      ⚠️  Error on Washing_Machine_Is_Leaking_p11_img2.png, retrying in 5 seconds... (Error code: 429 - {'error': {'message': 'Rate limit reached for model `meta-llama/llama-4-scout-17b-16e-instruct` in organization `org_01ka2nr7p4ege85gxyvpf7mmrd` service tier `on_demand` on tokens per day (TPD): Limit 500000, Used 498066, Requested 2639. Please try again in 2m1.824s. Need more tokens? Upgrade to Dev Tier today at https://console.groq.com/settings/billing', 'type': 'tokens', 'code': 'rate_limit_exceeded'}})
      ❌ Error on Washing_Machine_Is_Leaking_p11_img2.png: Error code: 429 - {'error': {'message': 'Rate limit reached for model `meta-llama/llama-4-scout-17b-16e-instruct` in organization `org_01ka2nr7p4ege85gxyvpf7mmrd` service tier `on_demand` on tokens per day (TPD): Limit 500000, Used 498036, Requested 2663. Please try again in 2m0.7872s. Need more tokens? Upgrade to Dev Tier today at https://console.groq.com/settings/billing', 'type': 'tokens', 'code': 'rate_limit_exceeded'}}
   💾 Saved 0 new entries from Washing Machine Is Leaking.pdf. Total DB: 107

[15/19] Processing: Washing Machine Not Draining.pdf
   📖 Reading PDF: Washing Machine Not Draining.pdf (12 pages)
   👁️  Analyzing 22 potential images...
      ⚠️  Error on Washing_Machine_Not_Draining_p2_img1.png, retrying in 5 seconds... (Error code: 429 - {'error': {'message': 'Rate limit reached for model `meta-llama/llama-4-scout-17b-16e-instruct` in organization `org_01ka2nr7p4ege85gxyvpf7mmrd` service tier `on_demand` on tokens per day (TPD): Limit 500000, Used 498033, Requested 2908. Please try again in 2m42.6048s. Need more tokens? Upgrade to Dev Tier today at https://console.groq.com/settings/billing', 'type': 'tokens', 'code': 'rate_limit_exceeded'}})
      ⚠️  Error on Washing_Machine_Not_Draining_p2_img1.png, retrying in 5 seconds... (Error code: 429 - {'error': {'message': 'Rate limit reached for model `meta-llama/llama-4-scout-17b-16e-instruct` in organization `org_01ka2nr7p4ege85gxyvpf7mmrd` service tier `on_demand` on tokens per day (TPD): Limit 500000, Used 498002, Requested 2908. Please try again in 2m37.248s. Need more tokens? Upgrade to Dev Tier today at https://console.groq.com/settings/billing', 'type': 'tokens', 'code': 'rate_limit_exceeded'}})
      ❌ Error on Washing_Machine_Not_Draining_p2_img1.png: Error code: 429 - {'error': {'message': 'Rate limit reached for model `meta-llama/llama-4-scout-17b-16e-instruct` in organization `org_01ka2nr7p4ege85gxyvpf7mmrd` service tier `on_demand` on tokens per day (TPD): Limit 500000, Used 497971, Requested 2908. Please try again in 2m31.8912s. Need more tokens? Upgrade to Dev Tier today at https://console.groq.com/settings/billing', 'type': 'tokens', 'code': 'rate_limit_exceeded'}}
      ⚠️  Error on Washing_Machine_Not_Draining_p2_img2.png, retrying in 5 seconds... (Error code: 429 - {'error': {'message': 'Rate limit reached for model `meta-llama/llama-4-scout-17b-16e-instruct` in organization `org_01ka2nr7p4ege85gxyvpf7mmrd` service tier `on_demand` on tokens per day (TPD): Limit 500000, Used 497970, Requested 2908. Please try again in 2m31.7184s. Need more tokens? Upgrade to Dev Tier today at https://console.groq.com/settings/billing', 'type': 'tokens', 'code': 'rate_limit_exceeded'}})
      ⚠️  Error on Washing_Machine_Not_Draining_p2_img2.png, retrying in 5 seconds... (Error code: 429 - {'error': {'message': 'Rate limit reached for model `meta-llama/llama-4-scout-17b-16e-instruct` in organization `org_01ka2nr7p4ege85gxyvpf7mmrd` service tier `on_demand` on tokens per day (TPD): Limit 500000, Used 497939, Requested 2908. Please try again in 2m26.3616s. Need more tokens? Upgrade to Dev Tier today at https://console.groq.com/settings/billing', 'type': 'tokens', 'code': 'rate_limit_exceeded'}})
      ❌ Error on Washing_Machine_Not_Draining_p2_img2.png: Error code: 429 - {'error': {'message': 'Rate limit reached for model `meta-llama/llama-4-scout-17b-16e-instruct` in organization `org_01ka2nr7p4ege85gxyvpf7mmrd` service tier `on_demand` on tokens per day (TPD): Limit 500000, Used 497909, Requested 2908. Please try again in 2m21.1776s. Need more tokens? Upgrade to Dev Tier today at https://console.groq.com/settings/billing', 'type': 'tokens', 'code': 'rate_limit_exceeded'}}
      ⚠️  Error on Washing_Machine_Not_Draining_p3_img1.png, retrying in 5 seconds... (Error code: 429 - {'error': {'message': 'Rate limit reached for model `meta-llama/llama-4-scout-17b-16e-instruct` in organization `org_01ka2nr7p4ege85gxyvpf7mmrd` service tier `on_demand` on tokens per day (TPD): Limit 500000, Used 497907, Requested 3032. Please try again in 2m42.2592s. Need more tokens? Upgrade to Dev Tier today at https://console.groq.com/settings/billing', 'type': 'tokens', 'code': 'rate_limit_exceeded'}})
      ⚠️  Error on Washing_Machine_Not_Draining_p3_img1.png, retrying in 5 seconds... (Error code: 429 - {'error': {'message': 'Rate limit reached for model `meta-llama/llama-4-scout-17b-16e-instruct` in organization `org_01ka2nr7p4ege85gxyvpf7mmrd` service tier `on_demand` on tokens per day (TPD): Limit 500000, Used 497875, Requested 3032. Please try again in 2m36.7296s. Need more tokens? Upgrade to Dev Tier today at https://console.groq.com/settings/billing', 'type': 'tokens', 'code': 'rate_limit_exceeded'}})
      ❌ Error on Washing_Machine_Not_Draining_p3_img1.png: Error code: 429 - {'error': {'message': 'Rate limit reached for model `meta-llama/llama-4-scout-17b-16e-instruct` in organization `org_01ka2nr7p4ege85gxyvpf7mmrd` service tier `on_demand` on tokens per day (TPD): Limit 500000, Used 497843, Requested 3032. Please try again in 2m31.2s. Need more tokens? Upgrade to Dev Tier today at https://console.groq.com/settings/billing', 'type': 'tokens', 'code': 'rate_limit_exceeded'}}
      ⚠️  Error on Washing_Machine_Not_Draining_p3_img2.png, retrying in 5 seconds... (Error code: 429 - {'error': {'message': 'Rate limit reached for model `meta-llama/llama-4-scout-17b-16e-instruct` in organization `org_01ka2nr7p4ege85gxyvpf7mmrd` service tier `on_demand` on tokens per day (TPD): Limit 500000, Used 497842, Requested 3032. Please try again in 2m31.0272s. Need more tokens? Upgrade to Dev Tier today at https://console.groq.com/settings/billing', 'type': 'tokens', 'code': 'rate_limit_exceeded'}})
      ⚠️  Error on Washing_Machine_Not_Draining_p3_img2.png, retrying in 5 seconds... (Error code: 429 - {'error': {'message': 'Rate limit reached for model `meta-llama/llama-4-scout-17b-16e-instruct` in organization `org_01ka2nr7p4ege85gxyvpf7mmrd` service tier `on_demand` on tokens per day (TPD): Limit 500000, Used 497810, Requested 3032. Please try again in 2m25.4976s. Need more tokens? Upgrade to Dev Tier today at https://console.groq.com/settings/billing', 'type': 'tokens', 'code': 'rate_limit_exceeded'}})
      ❌ Error on Washing_Machine_Not_Draining_p3_img2.png: Error code: 429 - {'error': {'message': 'Rate limit reached for model `meta-llama/llama-4-scout-17b-16e-instruct` in organization `org_01ka2nr7p4ege85gxyvpf7mmrd` service tier `on_demand` on tokens per day (TPD): Limit 500000, Used 497778, Requested 3032. Please try again in 2m19.968s. Need more tokens? Upgrade to Dev Tier today at https://console.groq.com/settings/billing', 'type': 'tokens', 'code': 'rate_limit_exceeded'}}
      ⚠️  Error on Washing_Machine_Not_Draining_p4_img1.png, retrying in 5 seconds... (Error code: 429 - {'error': {'message': 'Rate limit reached for model `meta-llama/llama-4-scout-17b-16e-instruct` in organization `org_01ka2nr7p4ege85gxyvpf7mmrd` service tier `on_demand` on tokens per day (TPD): Limit 500000, Used 497777, Requested 2929. Please try again in 2m1.9968s. Need more tokens? Upgrade to Dev Tier today at https://console.groq.com/settings/billing', 'type': 'tokens', 'code': 'rate_limit_exceeded'}})
      ⚠️  Error on Washing_Machine_Not_Draining_p4_img1.png, retrying in 5 seconds... (Error code: 429 - {'error': {'message': 'Rate limit reached for model `meta-llama/llama-4-scout-17b-16e-instruct` in organization `org_01ka2nr7p4ege85gxyvpf7mmrd` service tier `on_demand` on tokens per day (TPD): Limit 500000, Used 497745, Requested 2929. Please try again in 1m56.4672s. Need more tokens? Upgrade to Dev Tier today at https://console.groq.com/settings/billing', 'type': 'tokens', 'code': 'rate_limit_exceeded'}})
      ❌ Error on Washing_Machine_Not_Draining_p4_img1.png: Error code: 429 - {'error': {'message': 'Rate limit reached for model `meta-llama/llama-4-scout-17b-16e-instruct` in organization `org_01ka2nr7p4ege85gxyvpf7mmrd` service tier `on_demand` on tokens per day (TPD): Limit 500000, Used 497713, Requested 2929. Please try again in 1m50.9376s. Need more tokens? Upgrade to Dev Tier today at https://console.groq.com/settings/billing', 'type': 'tokens', 'code': 'rate_limit_exceeded'}}
      ⚠️  Error on Washing_Machine_Not_Draining_p4_img2.png, retrying in 5 seconds... (Error code: 429 - {'error': {'message': 'Rate limit reached for model `meta-llama/llama-4-scout-17b-16e-instruct` in organization `org_01ka2nr7p4ege85gxyvpf7mmrd` service tier `on_demand` on tokens per day (TPD): Limit 500000, Used 497711, Requested 2929. Please try again in 1m50.592s. Need more tokens? Upgrade to Dev Tier today at https://console.groq.com/settings/billing', 'type': 'tokens', 'code': 'rate_limit_exceeded'}})
      ⚠️  Error on Washing_Machine_Not_Draining_p4_img2.png, retrying in 5 seconds... (Error code: 429 - {'error': {'message': 'Rate limit reached for model `meta-llama/llama-4-scout-17b-16e-instruct` in organization `org_01ka2nr7p4ege85gxyvpf7mmrd` service tier `on_demand` on tokens per day (TPD): Limit 500000, Used 497679, Requested 2929. Please try again in 1m45.0624s. Need more tokens? Upgrade to Dev Tier today at https://console.groq.com/settings/billing', 'type': 'tokens', 'code': 'rate_limit_exceeded'}})
      ❌ Error on Washing_Machine_Not_Draining_p4_img2.png: Error code: 429 - {'error': {'message': 'Rate limit reached for model `meta-llama/llama-4-scout-17b-16e-instruct` in organization `org_01ka2nr7p4ege85gxyvpf7mmrd` service tier `on_demand` on tokens per day (TPD): Limit 500000, Used 497648, Requested 2929. Please try again in 1m39.7056s. Need more tokens? Upgrade to Dev Tier today at https://console.groq.com/settings/billing', 'type': 'tokens', 'code': 'rate_limit_exceeded'}}
      ⚠️  Error on Washing_Machine_Not_Draining_p5_img1.png, retrying in 5 seconds... (Error code: 429 - {'error': {'message': 'Rate limit reached for model `meta-llama/llama-4-scout-17b-16e-instruct` in organization `org_01ka2nr7p4ege85gxyvpf7mmrd` service tier `on_demand` on tokens per day (TPD): Limit 500000, Used 497647, Requested 3016. Please try again in 1m54.566399999s. Need more tokens? Upgrade to Dev Tier today at https://console.groq.com/settings/billing', 'type': 'tokens', 'code': 'rate_limit_exceeded'}})
      ⚠️  Error on Washing_Machine_Not_Draining_p5_img1.png, retrying in 5 seconds... (Error code: 429 - {'error': {'message': 'Rate limit reached for model `meta-llama/llama-4-scout-17b-16e-instruct` in organization `org_01ka2nr7p4ege85gxyvpf7mmrd` service tier `on_demand` on tokens per day (TPD): Limit 500000, Used 497616, Requested 3016. Please try again in 1m49.2096s. Need more tokens? Upgrade to Dev Tier today at https://console.groq.com/settings/billing', 'type': 'tokens', 'code': 'rate_limit_exceeded'}})
      ❌ Error on Washing_Machine_Not_Draining_p5_img1.png: Error code: 429 - {'error': {'message': 'Rate limit reached for model `meta-llama/llama-4-scout-17b-16e-instruct` in organization `org_01ka2nr7p4ege85gxyvpf7mmrd` service tier `on_demand` on tokens per day (TPD): Limit 500000, Used 497586, Requested 3016. Please try again in 1m44.0256s. Need more tokens? Upgrade to Dev Tier today at https://console.groq.com/settings/billing', 'type': 'tokens', 'code': 'rate_limit_exceeded'}}
      ⚠️  Error on Washing_Machine_Not_Draining_p5_img2.png, retrying in 5 seconds... (Error code: 429 - {'error': {'message': 'Rate limit reached for model `meta-llama/llama-4-scout-17b-16e-instruct` in organization `org_01ka2nr7p4ege85gxyvpf7mmrd` service tier `on_demand` on tokens per day (TPD): Limit 500000, Used 497585, Requested 3016. Please try again in 1m43.8528s. Need more tokens? Upgrade to Dev Tier today at https://console.groq.com/settings/billing', 'type': 'tokens', 'code': 'rate_limit_exceeded'}})
      ⚠️  Error on Washing_Machine_Not_Draining_p5_img2.png, retrying in 5 seconds... (Error code: 429 - {'error': {'message': 'Rate limit reached for model `meta-llama/llama-4-scout-17b-16e-instruct` in organization `org_01ka2nr7p4ege85gxyvpf7mmrd` service tier `on_demand` on tokens per day (TPD): Limit 500000, Used 497555, Requested 3016. Please try again in 1m38.6688s. Need more tokens? Upgrade to Dev Tier today at https://console.groq.com/settings/billing', 'type': 'tokens', 'code': 'rate_limit_exceeded'}})
      ❌ Error on Washing_Machine_Not_Draining_p5_img2.png: Error code: 429 - {'error': {'message': 'Rate limit reached for model `meta-llama/llama-4-scout-17b-16e-instruct` in organization `org_01ka2nr7p4ege85gxyvpf7mmrd` service tier `on_demand` on tokens per day (TPD): Limit 500000, Used 497524, Requested 3016. Please try again in 1m33.312s. Need more tokens? Upgrade to Dev Tier today at https://console.groq.com/settings/billing', 'type': 'tokens', 'code': 'rate_limit_exceeded'}}
      ⚠️  Error on Washing_Machine_Not_Draining_p6_img1.png, retrying in 5 seconds... (Error code: 429 - {'error': {'message': 'Rate limit reached for model `meta-llama/llama-4-scout-17b-16e-instruct` in organization `org_01ka2nr7p4ege85gxyvpf7mmrd` service tier `on_demand` on tokens per day (TPD): Limit 500000, Used 497521, Requested 3143. Please try again in 1m54.7392s. Need more tokens? Upgrade to Dev Tier today at https://console.groq.com/settings/billing', 'type': 'tokens', 'code': 'rate_limit_exceeded'}})
      ⚠️  Error on Washing_Machine_Not_Draining_p6_img1.png, retrying in 5 seconds... (Error code: 429 - {'error': {'message': 'Rate limit reached for model `meta-llama/llama-4-scout-17b-16e-instruct` in organization `org_01ka2nr7p4ege85gxyvpf7mmrd` service tier `on_demand` on tokens per day (TPD): Limit 500000, Used 497490, Requested 3143. Please try again in 1m49.3824s. Need more tokens? Upgrade to Dev Tier today at https://console.groq.com/settings/billing', 'type': 'tokens', 'code': 'rate_limit_exceeded'}})
      ❌ Error on Washing_Machine_Not_Draining_p6_img1.png: Error code: 429 - {'error': {'message': 'Rate limit reached for model `meta-llama/llama-4-scout-17b-16e-instruct` in organization `org_01ka2nr7p4ege85gxyvpf7mmrd` service tier `on_demand` on tokens per day (TPD): Limit 500000, Used 497459, Requested 3143. Please try again in 1m44.0256s. Need more tokens? Upgrade to Dev Tier today at https://console.groq.com/settings/billing', 'type': 'tokens', 'code': 'rate_limit_exceeded'}}
      ✅  Valid: Washing Machine Pump Hose Replacement
      ⚠️  Error on Washing_Machine_Not_Draining_p7_img2.png, retrying in 5 seconds... (Error code: 429 - {'error': {'message': 'Rate limit reached for model `meta-llama/llama-4-scout-17b-16e-instruct` in organization `org_01ka2nr7p4ege85gxyvpf7mmrd` service tier `on_demand` on tokens per day (TPD): Limit 500000, Used 499998, Requested 2924. Please try again in 8m24.9216s. Need more tokens? Upgrade to Dev Tier today at https://console.groq.com/settings/billing', 'type': 'tokens', 'code': 'rate_limit_exceeded'}})
      ⚠️  Error on Washing_Machine_Not_Draining_p7_img2.png, retrying in 5 seconds... (Error code: 429 - {'error': {'message': 'Rate limit reached for model `meta-llama/llama-4-scout-17b-16e-instruct` in organization `org_01ka2nr7p4ege85gxyvpf7mmrd` service tier `on_demand` on tokens per day (TPD): Limit 500000, Used 499960, Requested 2859. Please try again in 8m7.1232s. Need more tokens? Upgrade to Dev Tier today at https://console.groq.com/settings/billing', 'type': 'tokens', 'code': 'rate_limit_exceeded'}})
      ❌ Error on Washing_Machine_Not_Draining_p7_img2.png: Error code: 429 - {'error': {'message': 'Rate limit reached for model `meta-llama/llama-4-scout-17b-16e-instruct` in organization `org_01ka2nr7p4ege85gxyvpf7mmrd` service tier `on_demand` on tokens per day (TPD): Limit 500000, Used 499929, Requested 2859. Please try again in 8m1.7664s. Need more tokens? Upgrade to Dev Tier today at https://console.groq.com/settings/billing', 'type': 'tokens', 'code': 'rate_limit_exceeded'}}
      ⚠️  Error on Washing_Machine_Not_Draining_p7_img3.png, retrying in 5 seconds... (Error code: 429 - {'error': {'message': 'Rate limit reached for model `meta-llama/llama-4-scout-17b-16e-instruct` in organization `org_01ka2nr7p4ege85gxyvpf7mmrd` service tier `on_demand` on tokens per day (TPD): Limit 500000, Used 499929, Requested 2859. Please try again in 8m1.7664s. Need more tokens? Upgrade to Dev Tier today at https://console.groq.com/settings/billing', 'type': 'tokens', 'code': 'rate_limit_exceeded'}})
      ⚠️  Error on Washing_Machine_Not_Draining_p7_img3.png, retrying in 5 seconds... (Error code: 429 - {'error': {'message': 'Rate limit reached for model `meta-llama/llama-4-scout-17b-16e-instruct` in organization `org_01ka2nr7p4ege85gxyvpf7mmrd` service tier `on_demand` on tokens per day (TPD): Limit 500000, Used 499898, Requested 2859. Please try again in 7m56.409599999s. Need more tokens? Upgrade to Dev Tier today at https://console.groq.com/settings/billing', 'type': 'tokens', 'code': 'rate_limit_exceeded'}})
      ❌ Error on Washing_Machine_Not_Draining_p7_img3.png: Error code: 429 - {'error': {'message': 'Rate limit reached for model `meta-llama/llama-4-scout-17b-16e-instruct` in organization `org_01ka2nr7p4ege85gxyvpf7mmrd` service tier `on_demand` on tokens per day (TPD): Limit 500000, Used 499867, Requested 2859. Please try again in 7m51.0528s. Need more tokens? Upgrade to Dev Tier today at https://console.groq.com/settings/billing', 'type': 'tokens', 'code': 'rate_limit_exceeded'}}
      ⚠️  Error on Washing_Machine_Not_Draining_p7_img4.png, retrying in 5 seconds... (Error code: 429 - {'error': {'message': 'Rate limit reached for model `meta-llama/llama-4-scout-17b-16e-instruct` in organization `org_01ka2nr7p4ege85gxyvpf7mmrd` service tier `on_demand` on tokens per day (TPD): Limit 500000, Used 499865, Requested 2859. Please try again in 7m50.7072s. Need more tokens? Upgrade to Dev Tier today at https://console.groq.com/settings/billing', 'type': 'tokens', 'code': 'rate_limit_exceeded'}})
      ⚠️  Error on Washing_Machine_Not_Draining_p7_img4.png, retrying in 5 seconds... (Error code: 429 - {'error': {'message': 'Rate limit reached for model `meta-llama/llama-4-scout-17b-16e-instruct` in organization `org_01ka2nr7p4ege85gxyvpf7mmrd` service tier `on_demand` on tokens per day (TPD): Limit 500000, Used 499835, Requested 2859. Please try again in 7m45.5232s. Need more tokens? Upgrade to Dev Tier today at https://console.groq.com/settings/billing', 'type': 'tokens', 'code': 'rate_limit_exceeded'}})
      ❌ Error on Washing_Machine_Not_Draining_p7_img4.png: Error code: 429 - {'error': {'message': 'Rate limit reached for model `meta-llama/llama-4-scout-17b-16e-instruct` in organization `org_01ka2nr7p4ege85gxyvpf7mmrd` service tier `on_demand` on tokens per day (TPD): Limit 500000, Used 499798, Requested 2859. Please try again in 7m39.1296s. Need more tokens? Upgrade to Dev Tier today at https://console.groq.com/settings/billing', 'type': 'tokens', 'code': 'rate_limit_exceeded'}}
      ⚠️  Error on Washing_Machine_Not_Draining_p10_img1.png, retrying in 5 seconds... (Error code: 429 - {'error': {'message': 'Rate limit reached for model `meta-llama/llama-4-scout-17b-16e-instruct` in organization `org_01ka2nr7p4ege85gxyvpf7mmrd` service tier `on_demand` on tokens per day (TPD): Limit 500000, Used 499798, Requested 2703. Please try again in 7m12.1728s. Need more tokens? Upgrade to Dev Tier today at https://console.groq.com/settings/billing', 'type': 'tokens', 'code': 'rate_limit_exceeded'}})
      ⚠️  Error on Washing_Machine_Not_Draining_p10_img1.png, retrying in 5 seconds... (Error code: 429 - {'error': {'message': 'Rate limit reached for model `meta-llama/llama-4-scout-17b-16e-instruct` in organization `org_01ka2nr7p4ege85gxyvpf7mmrd` service tier `on_demand` on tokens per day (TPD): Limit 500000, Used 499768, Requested 2703. Please try again in 7m6.9888s. Need more tokens? Upgrade to Dev Tier today at https://console.groq.com/settings/billing', 'type': 'tokens', 'code': 'rate_limit_exceeded'}})
      ❌ Error on Washing_Machine_Not_Draining_p10_img1.png: Error code: 429 - {'error': {'message': 'Rate limit reached for model `meta-llama/llama-4-scout-17b-16e-instruct` in organization `org_01ka2nr7p4ege85gxyvpf7mmrd` service tier `on_demand` on tokens per day (TPD): Limit 500000, Used 499738, Requested 2768. Please try again in 7m13.0368s. Need more tokens? Upgrade to Dev Tier today at https://console.groq.com/settings/billing', 'type': 'tokens', 'code': 'rate_limit_exceeded'}}
      ⚠️  Error on Washing_Machine_Not_Draining_p10_img2.png, retrying in 5 seconds... (Error code: 429 - {'error': {'message': 'Rate limit reached for model `meta-llama/llama-4-scout-17b-16e-instruct` in organization `org_01ka2nr7p4ege85gxyvpf7mmrd` service tier `on_demand` on tokens per day (TPD): Limit 500000, Used 499737, Requested 2703. Please try again in 7m1.632s. Need more tokens? Upgrade to Dev Tier today at https://console.groq.com/settings/billing', 'type': 'tokens', 'code': 'rate_limit_exceeded'}})
      ⚠️  Error on Washing_Machine_Not_Draining_p10_img2.png, retrying in 5 seconds... (Error code: 429 - {'error': {'message': 'Rate limit reached for model `meta-llama/llama-4-scout-17b-16e-instruct` in organization `org_01ka2nr7p4ege85gxyvpf7mmrd` service tier `on_demand` on tokens per day (TPD): Limit 500000, Used 499707, Requested 2703. Please try again in 6m56.448s. Need more tokens? Upgrade to Dev Tier today at https://console.groq.com/settings/billing', 'type': 'tokens', 'code': 'rate_limit_exceeded'}})
      ❌ Error on Washing_Machine_Not_Draining_p10_img2.png: Error code: 429 - {'error': {'message': 'Rate limit reached for model `meta-llama/llama-4-scout-17b-16e-instruct` in organization `org_01ka2nr7p4ege85gxyvpf7mmrd` service tier `on_demand` on tokens per day (TPD): Limit 500000, Used 499677, Requested 2703. Please try again in 6m51.264s. Need more tokens? Upgrade to Dev Tier today at https://console.groq.com/settings/billing', 'type': 'tokens', 'code': 'rate_limit_exceeded'}}
      ⚠️  Error on Washing_Machine_Not_Draining_p10_img3.png, retrying in 5 seconds... (Error code: 429 - {'error': {'message': 'Rate limit reached for model `meta-llama/llama-4-scout-17b-16e-instruct` in organization `org_01ka2nr7p4ege85gxyvpf7mmrd` service tier `on_demand` on tokens per day (TPD): Limit 500000, Used 499676, Requested 2703. Please try again in 6m51.0912s. Need more tokens? Upgrade to Dev Tier today at https://console.groq.com/settings/billing', 'type': 'tokens', 'code': 'rate_limit_exceeded'}})
      ⚠️  Error on Washing_Machine_Not_Draining_p10_img3.png, retrying in 5 seconds... (Error code: 429 - {'error': {'message': 'Rate limit reached for model `meta-llama/llama-4-scout-17b-16e-instruct` in organization `org_01ka2nr7p4ege85gxyvpf7mmrd` service tier `on_demand` on tokens per day (TPD): Limit 500000, Used 499646, Requested 2703. Please try again in 6m45.9072s. Need more tokens? Upgrade to Dev Tier today at https://console.groq.com/settings/billing', 'type': 'tokens', 'code': 'rate_limit_exceeded'}})
      ❌ Error on Washing_Machine_Not_Draining_p10_img3.png: Error code: 429 - {'error': {'message': 'Rate limit reached for model `meta-llama/llama-4-scout-17b-16e-instruct` in organization `org_01ka2nr7p4ege85gxyvpf7mmrd` service tier `on_demand` on tokens per day (TPD): Limit 500000, Used 499615, Requested 2703. Please try again in 6m40.5504s. Need more tokens? Upgrade to Dev Tier today at https://console.groq.com/settings/billing', 'type': 'tokens', 'code': 'rate_limit_exceeded'}}
      ⚠️  Error on Washing_Machine_Not_Draining_p10_img4.png, retrying in 5 seconds... (Error code: 429 - {'error': {'message': 'Rate limit reached for model `meta-llama/llama-4-scout-17b-16e-instruct` in organization `org_01ka2nr7p4ege85gxyvpf7mmrd` service tier `on_demand` on tokens per day (TPD): Limit 500000, Used 499614, Requested 2703. Please try again in 6m40.3776s. Need more tokens? Upgrade to Dev Tier today at https://console.groq.com/settings/billing', 'type': 'tokens', 'code': 'rate_limit_exceeded'}})
      ⚠️  Error on Washing_Machine_Not_Draining_p10_img4.png, retrying in 5 seconds... (Error code: 429 - {'error': {'message': 'Rate limit reached for model `meta-llama/llama-4-scout-17b-16e-instruct` in organization `org_01ka2nr7p4ege85gxyvpf7mmrd` service tier `on_demand` on tokens per day (TPD): Limit 500000, Used 499584, Requested 2703. Please try again in 6m35.1936s. Need more tokens? Upgrade to Dev Tier today at https://console.groq.com/settings/billing', 'type': 'tokens', 'code': 'rate_limit_exceeded'}})
      ❌ Error on Washing_Machine_Not_Draining_p10_img4.png: Error code: 429 - {'error': {'message': 'Rate limit reached for model `meta-llama/llama-4-scout-17b-16e-instruct` in organization `org_01ka2nr7p4ege85gxyvpf7mmrd` service tier `on_demand` on tokens per day (TPD): Limit 500000, Used 499553, Requested 2703. Please try again in 6m29.8368s. Need more tokens? Upgrade to Dev Tier today at https://console.groq.com/settings/billing', 'type': 'tokens', 'code': 'rate_limit_exceeded'}}
      ⚠️  Error on Washing_Machine_Not_Draining_p10_img5.png, retrying in 5 seconds... (Error code: 429 - {'error': {'message': 'Rate limit reached for model `meta-llama/llama-4-scout-17b-16e-instruct` in organization `org_01ka2nr7p4ege85gxyvpf7mmrd` service tier `on_demand` on tokens per day (TPD): Limit 500000, Used 499553, Requested 2703. Please try again in 6m29.8368s. Need more tokens? Upgrade to Dev Tier today at https://console.groq.com/settings/billing', 'type': 'tokens', 'code': 'rate_limit_exceeded'}})
      ⚠️  Error on Washing_Machine_Not_Draining_p10_img5.png, retrying in 5 seconds... (Error code: 429 - {'error': {'message': 'Rate limit reached for model `meta-llama/llama-4-scout-17b-16e-instruct` in organization `org_01ka2nr7p4ege85gxyvpf7mmrd` service tier `on_demand` on tokens per day (TPD): Limit 500000, Used 499522, Requested 2703. Please try again in 6m24.48s. Need more tokens? Upgrade to Dev Tier today at https://console.groq.com/settings/billing', 'type': 'tokens', 'code': 'rate_limit_exceeded'}})
      ❌ Error on Washing_Machine_Not_Draining_p10_img5.png: Error code: 429 - {'error': {'message': 'Rate limit reached for model `meta-llama/llama-4-scout-17b-16e-instruct` in organization `org_01ka2nr7p4ege85gxyvpf7mmrd` service tier `on_demand` on tokens per day (TPD): Limit 500000, Used 499492, Requested 2703. Please try again in 6m19.296s. Need more tokens? Upgrade to Dev Tier today at https://console.groq.com/settings/billing', 'type': 'tokens', 'code': 'rate_limit_exceeded'}}
      ⚠️  Error on Washing_Machine_Not_Draining_p10_img6.png, retrying in 5 seconds... (Error code: 429 - {'error': {'message': 'Rate limit reached for model `meta-llama/llama-4-scout-17b-16e-instruct` in organization `org_01ka2nr7p4ege85gxyvpf7mmrd` service tier `on_demand` on tokens per day (TPD): Limit 500000, Used 499492, Requested 2703. Please try again in 6m19.296s. Need more tokens? Upgrade to Dev Tier today at https://console.groq.com/settings/billing', 'type': 'tokens', 'code': 'rate_limit_exceeded'}})
      ⚠️  Error on Washing_Machine_Not_Draining_p10_img6.png, retrying in 5 seconds... (Error code: 429 - {'error': {'message': 'Rate limit reached for model `meta-llama/llama-4-scout-17b-16e-instruct` in organization `org_01ka2nr7p4ege85gxyvpf7mmrd` service tier `on_demand` on tokens per day (TPD): Limit 500000, Used 499459, Requested 2703. Please try again in 6m13.5936s. Need more tokens? Upgrade to Dev Tier today at https://console.groq.com/settings/billing', 'type': 'tokens', 'code': 'rate_limit_exceeded'}})
      ❌ Error on Washing_Machine_Not_Draining_p10_img6.png: Error code: 429 - {'error': {'message': 'Rate limit reached for model `meta-llama/llama-4-scout-17b-16e-instruct` in organization `org_01ka2nr7p4ege85gxyvpf7mmrd` service tier `on_demand` on tokens per day (TPD): Limit 500000, Used 499429, Requested 2768. Please try again in 6m19.6416s. Need more tokens? Upgrade to Dev Tier today at https://console.groq.com/settings/billing', 'type': 'tokens', 'code': 'rate_limit_exceeded'}}
      ⚠️  Error on Washing_Machine_Not_Draining_p11_img1.png, retrying in 5 seconds... (Error code: 429 - {'error': {'message': 'Rate limit reached for model `meta-llama/llama-4-scout-17b-16e-instruct` in organization `org_01ka2nr7p4ege85gxyvpf7mmrd` service tier `on_demand` on tokens per day (TPD): Limit 500000, Used 499428, Requested 2670. Please try again in 6m2.5344s. Need more tokens? Upgrade to Dev Tier today at https://console.groq.com/settings/billing', 'type': 'tokens', 'code': 'rate_limit_exceeded'}})
      ⚠️  Error on Washing_Machine_Not_Draining_p11_img1.png, retrying in 5 seconds... (Error code: 429 - {'error': {'message': 'Rate limit reached for model `meta-llama/llama-4-scout-17b-16e-instruct` in organization `org_01ka2nr7p4ege85gxyvpf7mmrd` service tier `on_demand` on tokens per day (TPD): Limit 500000, Used 499397, Requested 2670. Please try again in 5m57.1776s. Need more tokens? Upgrade to Dev Tier today at https://console.groq.com/settings/billing', 'type': 'tokens', 'code': 'rate_limit_exceeded'}})
      ❌ Error on Washing_Machine_Not_Draining_p11_img1.png: Error code: 429 - {'error': {'message': 'Rate limit reached for model `meta-llama/llama-4-scout-17b-16e-instruct` in organization `org_01ka2nr7p4ege85gxyvpf7mmrd` service tier `on_demand` on tokens per day (TPD): Limit 500000, Used 499366, Requested 2670. Please try again in 5m51.8208s. Need more tokens? Upgrade to Dev Tier today at https://console.groq.com/settings/billing', 'type': 'tokens', 'code': 'rate_limit_exceeded'}}
      ⚠️  Error on Washing_Machine_Not_Draining_p12_img1.png, retrying in 5 seconds... (Error code: 429 - {'error': {'message': 'Rate limit reached for model `meta-llama/llama-4-scout-17b-16e-instruct` in organization `org_01ka2nr7p4ege85gxyvpf7mmrd` service tier `on_demand` on tokens per day (TPD): Limit 500000, Used 499365, Requested 2637. Please try again in 5m45.945599999s. Need more tokens? Upgrade to Dev Tier today at https://console.groq.com/settings/billing', 'type': 'tokens', 'code': 'rate_limit_exceeded'}})
      ⚠️  Error on Washing_Machine_Not_Draining_p12_img1.png, retrying in 5 seconds... (Error code: 429 - {'error': {'message': 'Rate limit reached for model `meta-llama/llama-4-scout-17b-16e-instruct` in organization `org_01ka2nr7p4ege85gxyvpf7mmrd` service tier `on_demand` on tokens per day (TPD): Limit 500000, Used 499335, Requested 2637. Please try again in 5m40.7616s. Need more tokens? Upgrade to Dev Tier today at https://console.groq.com/settings/billing', 'type': 'tokens', 'code': 'rate_limit_exceeded'}})
      ❌ Error on Washing_Machine_Not_Draining_p12_img1.png: Error code: 429 - {'error': {'message': 'Rate limit reached for model `meta-llama/llama-4-scout-17b-16e-instruct` in organization `org_01ka2nr7p4ege85gxyvpf7mmrd` service tier `on_demand` on tokens per day (TPD): Limit 500000, Used 499305, Requested 2637. Please try again in 5m35.577599999s. Need more tokens? Upgrade to Dev Tier today at https://console.groq.com/settings/billing', 'type': 'tokens', 'code': 'rate_limit_exceeded'}}
      ⚠️  Error on Washing_Machine_Not_Draining_p12_img2.png, retrying in 5 seconds... (Error code: 429 - {'error': {'message': 'Rate limit reached for model `meta-llama/llama-4-scout-17b-16e-instruct` in organization `org_01ka2nr7p4ege85gxyvpf7mmrd` service tier `on_demand` on tokens per day (TPD): Limit 500000, Used 499304, Requested 2637. Please try again in 5m35.4048s. Need more tokens? Upgrade to Dev Tier today at https://console.groq.com/settings/billing', 'type': 'tokens', 'code': 'rate_limit_exceeded'}})
      ⚠️  Error on Washing_Machine_Not_Draining_p12_img2.png, retrying in 5 seconds... (Error code: 429 - {'error': {'message': 'Rate limit reached for model `meta-llama/llama-4-scout-17b-16e-instruct` in organization `org_01ka2nr7p4ege85gxyvpf7mmrd` service tier `on_demand` on tokens per day (TPD): Limit 500000, Used 499273, Requested 2637. Please try again in 5m30.048s. Need more tokens? Upgrade to Dev Tier today at https://console.groq.com/settings/billing', 'type': 'tokens', 'code': 'rate_limit_exceeded'}})
      ❌ Error on Washing_Machine_Not_Draining_p12_img2.png: Error code: 429 - {'error': {'message': 'Rate limit reached for model `meta-llama/llama-4-scout-17b-16e-instruct` in organization `org_01ka2nr7p4ege85gxyvpf7mmrd` service tier `on_demand` on tokens per day (TPD): Limit 500000, Used 499242, Requested 2637. Please try again in 5m24.6912s. Need more tokens? Upgrade to Dev Tier today at https://console.groq.com/settings/billing', 'type': 'tokens', 'code': 'rate_limit_exceeded'}}
   💾 Saved 1 new entries from Washing Machine Not Draining.pdf. Total DB: 108

[16/19] Processing: Washing Machine Not Spinning.pdf
   📖 Reading PDF: Washing Machine Not Spinning.pdf (15 pages)
   👁️  Analyzing 12 potential images...
      ⚠️  Error on Washing_Machine_Not_Spinning_p2_img1.png, retrying in 5 seconds... (Error code: 429 - {'error': {'message': 'Rate limit reached for model `meta-llama/llama-4-scout-17b-16e-instruct` in organization `org_01ka2nr7p4ege85gxyvpf7mmrd` service tier `on_demand` on tokens per day (TPD): Limit 500000, Used 499238, Requested 2843. Please try again in 5m59.5968s. Need more tokens? Upgrade to Dev Tier today at https://console.groq.com/settings/billing', 'type': 'tokens', 'code': 'rate_limit_exceeded'}})
      ⚠️  Error on Washing_Machine_Not_Spinning_p2_img1.png, retrying in 5 seconds... (Error code: 429 - {'error': {'message': 'Rate limit reached for model `meta-llama/llama-4-scout-17b-16e-instruct` in organization `org_01ka2nr7p4ege85gxyvpf7mmrd` service tier `on_demand` on tokens per day (TPD): Limit 500000, Used 499206, Requested 2908. Please try again in 6m5.2992s. Need more tokens? Upgrade to Dev Tier today at https://console.groq.com/settings/billing', 'type': 'tokens', 'code': 'rate_limit_exceeded'}})
      ❌ Error on Washing_Machine_Not_Spinning_p2_img1.png: Error code: 429 - {'error': {'message': 'Rate limit reached for model `meta-llama/llama-4-scout-17b-16e-instruct` in organization `org_01ka2nr7p4ege85gxyvpf7mmrd` service tier `on_demand` on tokens per day (TPD): Limit 500000, Used 499175, Requested 2843. Please try again in 5m48.7104s. Need more tokens? Upgrade to Dev Tier today at https://console.groq.com/settings/billing', 'type': 'tokens', 'code': 'rate_limit_exceeded'}}
      ⚠️  Error on Washing_Machine_Not_Spinning_p2_img2.png, retrying in 5 seconds... (Error code: 429 - {'error': {'message': 'Rate limit reached for model `meta-llama/llama-4-scout-17b-16e-instruct` in organization `org_01ka2nr7p4ege85gxyvpf7mmrd` service tier `on_demand` on tokens per day (TPD): Limit 500000, Used 499175, Requested 2843. Please try again in 5m48.7104s. Need more tokens? Upgrade to Dev Tier today at https://console.groq.com/settings/billing', 'type': 'tokens', 'code': 'rate_limit_exceeded'}})
      ⚠️  Error on Washing_Machine_Not_Spinning_p2_img2.png, retrying in 5 seconds... (Error code: 429 - {'error': {'message': 'Rate limit reached for model `meta-llama/llama-4-scout-17b-16e-instruct` in organization `org_01ka2nr7p4ege85gxyvpf7mmrd` service tier `on_demand` on tokens per day (TPD): Limit 500000, Used 499144, Requested 2843. Please try again in 5m43.3536s. Need more tokens? Upgrade to Dev Tier today at https://console.groq.com/settings/billing', 'type': 'tokens', 'code': 'rate_limit_exceeded'}})
      ❌ Error on Washing_Machine_Not_Spinning_p2_img2.png: Error code: 429 - {'error': {'message': 'Rate limit reached for model `meta-llama/llama-4-scout-17b-16e-instruct` in organization `org_01ka2nr7p4ege85gxyvpf7mmrd` service tier `on_demand` on tokens per day (TPD): Limit 500000, Used 499114, Requested 2908. Please try again in 5m49.4016s. Need more tokens? Upgrade to Dev Tier today at https://console.groq.com/settings/billing', 'type': 'tokens', 'code': 'rate_limit_exceeded'}}
      ⚠️  Error on Washing_Machine_Not_Spinning_p7_img1.png, retrying in 5 seconds... (Error code: 429 - {'error': {'message': 'Rate limit reached for model `meta-llama/llama-4-scout-17b-16e-instruct` in organization `org_01ka2nr7p4ege85gxyvpf7mmrd` service tier `on_demand` on tokens per day (TPD): Limit 500000, Used 499113, Requested 3049. Please try again in 6m13.5936s. Need more tokens? Upgrade to Dev Tier today at https://console.groq.com/settings/billing', 'type': 'tokens', 'code': 'rate_limit_exceeded'}})
      ⚠️  Error on Washing_Machine_Not_Spinning_p7_img1.png, retrying in 5 seconds... (Error code: 429 - {'error': {'message': 'Rate limit reached for model `meta-llama/llama-4-scout-17b-16e-instruct` in organization `org_01ka2nr7p4ege85gxyvpf7mmrd` service tier `on_demand` on tokens per day (TPD): Limit 500000, Used 499082, Requested 3114. Please try again in 6m19.4688s. Need more tokens? Upgrade to Dev Tier today at https://console.groq.com/settings/billing', 'type': 'tokens', 'code': 'rate_limit_exceeded'}})
      ❌ Error on Washing_Machine_Not_Spinning_p7_img1.png: Error code: 429 - {'error': {'message': 'Rate limit reached for model `meta-llama/llama-4-scout-17b-16e-instruct` in organization `org_01ka2nr7p4ege85gxyvpf7mmrd` service tier `on_demand` on tokens per day (TPD): Limit 500000, Used 499051, Requested 3049. Please try again in 6m2.88s. Need more tokens? Upgrade to Dev Tier today at https://console.groq.com/settings/billing', 'type': 'tokens', 'code': 'rate_limit_exceeded'}}
      ⚠️  Error on Washing_Machine_Not_Spinning_p13_img1.png, retrying in 5 seconds... (Error code: 429 - {'error': {'message': 'Rate limit reached for model `meta-llama/llama-4-scout-17b-16e-instruct` in organization `org_01ka2nr7p4ege85gxyvpf7mmrd` service tier `on_demand` on tokens per day (TPD): Limit 500000, Used 499049, Requested 2691. Please try again in 5m0.672s. Need more tokens? Upgrade to Dev Tier today at https://console.groq.com/settings/billing', 'type': 'tokens', 'code': 'rate_limit_exceeded'}})
      ⚠️  Error on Washing_Machine_Not_Spinning_p13_img1.png, retrying in 5 seconds... (Error code: 429 - {'error': {'message': 'Rate limit reached for model `meta-llama/llama-4-scout-17b-16e-instruct` in organization `org_01ka2nr7p4ege85gxyvpf7mmrd` service tier `on_demand` on tokens per day (TPD): Limit 500000, Used 499018, Requested 2691. Please try again in 4m55.3152s. Need more tokens? Upgrade to Dev Tier today at https://console.groq.com/settings/billing', 'type': 'tokens', 'code': 'rate_limit_exceeded'}})
      ❌ Error on Washing_Machine_Not_Spinning_p13_img1.png: Error code: 429 - {'error': {'message': 'Rate limit reached for model `meta-llama/llama-4-scout-17b-16e-instruct` in organization `org_01ka2nr7p4ege85gxyvpf7mmrd` service tier `on_demand` on tokens per day (TPD): Limit 500000, Used 498987, Requested 2691. Please try again in 4m49.9584s. Need more tokens? Upgrade to Dev Tier today at https://console.groq.com/settings/billing', 'type': 'tokens', 'code': 'rate_limit_exceeded'}}
      ⚠️  Error on Washing_Machine_Not_Spinning_p13_img2.png, retrying in 5 seconds... (Error code: 429 - {'error': {'message': 'Rate limit reached for model `meta-llama/llama-4-scout-17b-16e-instruct` in organization `org_01ka2nr7p4ege85gxyvpf7mmrd` service tier `on_demand` on tokens per day (TPD): Limit 500000, Used 498987, Requested 2691. Please try again in 4m49.9584s. Need more tokens? Upgrade to Dev Tier today at https://console.groq.com/settings/billing', 'type': 'tokens', 'code': 'rate_limit_exceeded'}})
      ⚠️  Error on Washing_Machine_Not_Spinning_p13_img2.png, retrying in 5 seconds... (Error code: 429 - {'error': {'message': 'Rate limit reached for model `meta-llama/llama-4-scout-17b-16e-instruct` in organization `org_01ka2nr7p4ege85gxyvpf7mmrd` service tier `on_demand` on tokens per day (TPD): Limit 500000, Used 498956, Requested 2691. Please try again in 4m44.6016s. Need more tokens? Upgrade to Dev Tier today at https://console.groq.com/settings/billing', 'type': 'tokens', 'code': 'rate_limit_exceeded'}})
      ❌ Error on Washing_Machine_Not_Spinning_p13_img2.png: Error code: 429 - {'error': {'message': 'Rate limit reached for model `meta-llama/llama-4-scout-17b-16e-instruct` in organization `org_01ka2nr7p4ege85gxyvpf7mmrd` service tier `on_demand` on tokens per day (TPD): Limit 500000, Used 498925, Requested 2691. Please try again in 4m39.2448s. Need more tokens? Upgrade to Dev Tier today at https://console.groq.com/settings/billing', 'type': 'tokens', 'code': 'rate_limit_exceeded'}}
      ⚠️  Error on Washing_Machine_Not_Spinning_p13_img3.png, retrying in 5 seconds... (Error code: 429 - {'error': {'message': 'Rate limit reached for model `meta-llama/llama-4-scout-17b-16e-instruct` in organization `org_01ka2nr7p4ege85gxyvpf7mmrd` service tier `on_demand` on tokens per day (TPD): Limit 500000, Used 498924, Requested 2756. Please try again in 4m50.304s. Need more tokens? Upgrade to Dev Tier today at https://console.groq.com/settings/billing', 'type': 'tokens', 'code': 'rate_limit_exceeded'}})
      ⚠️  Error on Washing_Machine_Not_Spinning_p13_img3.png, retrying in 5 seconds... (Error code: 429 - {'error': {'message': 'Rate limit reached for model `meta-llama/llama-4-scout-17b-16e-instruct` in organization `org_01ka2nr7p4ege85gxyvpf7mmrd` service tier `on_demand` on tokens per day (TPD): Limit 500000, Used 498893, Requested 2691. Please try again in 4m33.715199999s. Need more tokens? Upgrade to Dev Tier today at https://console.groq.com/settings/billing', 'type': 'tokens', 'code': 'rate_limit_exceeded'}})
      ❌ Error on Washing_Machine_Not_Spinning_p13_img3.png: Error code: 429 - {'error': {'message': 'Rate limit reached for model `meta-llama/llama-4-scout-17b-16e-instruct` in organization `org_01ka2nr7p4ege85gxyvpf7mmrd` service tier `on_demand` on tokens per day (TPD): Limit 500000, Used 498862, Requested 2691. Please try again in 4m28.358399999s. Need more tokens? Upgrade to Dev Tier today at https://console.groq.com/settings/billing', 'type': 'tokens', 'code': 'rate_limit_exceeded'}}
      ⚠️  Error on Washing_Machine_Not_Spinning_p13_img4.png, retrying in 5 seconds... (Error code: 429 - {'error': {'message': 'Rate limit reached for model `meta-llama/llama-4-scout-17b-16e-instruct` in organization `org_01ka2nr7p4ege85gxyvpf7mmrd` service tier `on_demand` on tokens per day (TPD): Limit 500000, Used 498862, Requested 2691. Please try again in 4m28.358399999s. Need more tokens? Upgrade to Dev Tier today at https://console.groq.com/settings/billing', 'type': 'tokens', 'code': 'rate_limit_exceeded'}})
      ⚠️  Error on Washing_Machine_Not_Spinning_p13_img4.png, retrying in 5 seconds... (Error code: 429 - {'error': {'message': 'Rate limit reached for model `meta-llama/llama-4-scout-17b-16e-instruct` in organization `org_01ka2nr7p4ege85gxyvpf7mmrd` service tier `on_demand` on tokens per day (TPD): Limit 500000, Used 498831, Requested 2691. Please try again in 4m23.0016s. Need more tokens? Upgrade to Dev Tier today at https://console.groq.com/settings/billing', 'type': 'tokens', 'code': 'rate_limit_exceeded'}})
      ❌ Error on Washing_Machine_Not_Spinning_p13_img4.png: Error code: 429 - {'error': {'message': 'Rate limit reached for model `meta-llama/llama-4-scout-17b-16e-instruct` in organization `org_01ka2nr7p4ege85gxyvpf7mmrd` service tier `on_demand` on tokens per day (TPD): Limit 500000, Used 498800, Requested 2691. Please try again in 4m17.644799999s. Need more tokens? Upgrade to Dev Tier today at https://console.groq.com/settings/billing', 'type': 'tokens', 'code': 'rate_limit_exceeded'}}
      ⚠️  Error on Washing_Machine_Not_Spinning_p13_img5.png, retrying in 5 seconds... (Error code: 429 - {'error': {'message': 'Rate limit reached for model `meta-llama/llama-4-scout-17b-16e-instruct` in organization `org_01ka2nr7p4ege85gxyvpf7mmrd` service tier `on_demand` on tokens per day (TPD): Limit 500000, Used 498799, Requested 2691. Please try again in 4m17.471999999s. Need more tokens? Upgrade to Dev Tier today at https://console.groq.com/settings/billing', 'type': 'tokens', 'code': 'rate_limit_exceeded'}})
      ⚠️  Error on Washing_Machine_Not_Spinning_p13_img5.png, retrying in 5 seconds... (Error code: 429 - {'error': {'message': 'Rate limit reached for model `meta-llama/llama-4-scout-17b-16e-instruct` in organization `org_01ka2nr7p4ege85gxyvpf7mmrd` service tier `on_demand` on tokens per day (TPD): Limit 500000, Used 498769, Requested 2691. Please try again in 4m12.287999999s. Need more tokens? Upgrade to Dev Tier today at https://console.groq.com/settings/billing', 'type': 'tokens', 'code': 'rate_limit_exceeded'}})
      ❌ Error on Washing_Machine_Not_Spinning_p13_img5.png: Error code: 429 - {'error': {'message': 'Rate limit reached for model `meta-llama/llama-4-scout-17b-16e-instruct` in organization `org_01ka2nr7p4ege85gxyvpf7mmrd` service tier `on_demand` on tokens per day (TPD): Limit 500000, Used 498736, Requested 2691. Please try again in 4m6.5856s. Need more tokens? Upgrade to Dev Tier today at https://console.groq.com/settings/billing', 'type': 'tokens', 'code': 'rate_limit_exceeded'}}
      ⚠️  Error on Washing_Machine_Not_Spinning_p13_img6.png, retrying in 5 seconds... (Error code: 429 - {'error': {'message': 'Rate limit reached for model `meta-llama/llama-4-scout-17b-16e-instruct` in organization `org_01ka2nr7p4ege85gxyvpf7mmrd` service tier `on_demand` on tokens per day (TPD): Limit 500000, Used 498736, Requested 2756. Please try again in 4m17.8176s. Need more tokens? Upgrade to Dev Tier today at https://console.groq.com/settings/billing', 'type': 'tokens', 'code': 'rate_limit_exceeded'}})
      ⚠️  Error on Washing_Machine_Not_Spinning_p13_img6.png, retrying in 5 seconds... (Error code: 429 - {'error': {'message': 'Rate limit reached for model `meta-llama/llama-4-scout-17b-16e-instruct` in organization `org_01ka2nr7p4ege85gxyvpf7mmrd` service tier `on_demand` on tokens per day (TPD): Limit 500000, Used 498705, Requested 2691. Please try again in 4m1.2288s. Need more tokens? Upgrade to Dev Tier today at https://console.groq.com/settings/billing', 'type': 'tokens', 'code': 'rate_limit_exceeded'}})
      ❌ Error on Washing_Machine_Not_Spinning_p13_img6.png: Error code: 429 - {'error': {'message': 'Rate limit reached for model `meta-llama/llama-4-scout-17b-16e-instruct` in organization `org_01ka2nr7p4ege85gxyvpf7mmrd` service tier `on_demand` on tokens per day (TPD): Limit 500000, Used 498674, Requested 2691. Please try again in 3m55.872s. Need more tokens? Upgrade to Dev Tier today at https://console.groq.com/settings/billing', 'type': 'tokens', 'code': 'rate_limit_exceeded'}}
      ⚠️  Error on Washing_Machine_Not_Spinning_p13_img7.png, retrying in 5 seconds... (Error code: 429 - {'error': {'message': 'Rate limit reached for model `meta-llama/llama-4-scout-17b-16e-instruct` in organization `org_01ka2nr7p4ege85gxyvpf7mmrd` service tier `on_demand` on tokens per day (TPD): Limit 500000, Used 498674, Requested 2691. Please try again in 3m55.872s. Need more tokens? Upgrade to Dev Tier today at https://console.groq.com/settings/billing', 'type': 'tokens', 'code': 'rate_limit_exceeded'}})
      ⚠️  Error on Washing_Machine_Not_Spinning_p13_img7.png, retrying in 5 seconds... (Error code: 429 - {'error': {'message': 'Rate limit reached for model `meta-llama/llama-4-scout-17b-16e-instruct` in organization `org_01ka2nr7p4ege85gxyvpf7mmrd` service tier `on_demand` on tokens per day (TPD): Limit 500000, Used 498644, Requested 2756. Please try again in 4m1.92s. Need more tokens? Upgrade to Dev Tier today at https://console.groq.com/settings/billing', 'type': 'tokens', 'code': 'rate_limit_exceeded'}})
      ❌ Error on Washing_Machine_Not_Spinning_p13_img7.png: Error code: 429 - {'error': {'message': 'Rate limit reached for model `meta-llama/llama-4-scout-17b-16e-instruct` in organization `org_01ka2nr7p4ege85gxyvpf7mmrd` service tier `on_demand` on tokens per day (TPD): Limit 500000, Used 498613, Requested 2691. Please try again in 3m45.3312s. Need more tokens? Upgrade to Dev Tier today at https://console.groq.com/settings/billing', 'type': 'tokens', 'code': 'rate_limit_exceeded'}}
      ⚠️  Error on Washing_Machine_Not_Spinning_p14_img1.png, retrying in 5 seconds... (Error code: 429 - {'error': {'message': 'Rate limit reached for model `meta-llama/llama-4-scout-17b-16e-instruct` in organization `org_01ka2nr7p4ege85gxyvpf7mmrd` service tier `on_demand` on tokens per day (TPD): Limit 500000, Used 498612, Requested 2662. Please try again in 3m40.1472s. Need more tokens? Upgrade to Dev Tier today at https://console.groq.com/settings/billing', 'type': 'tokens', 'code': 'rate_limit_exceeded'}})
      ⚠️  Error on Washing_Machine_Not_Spinning_p14_img1.png, retrying in 5 seconds... (Error code: 429 - {'error': {'message': 'Rate limit reached for model `meta-llama/llama-4-scout-17b-16e-instruct` in organization `org_01ka2nr7p4ege85gxyvpf7mmrd` service tier `on_demand` on tokens per day (TPD): Limit 500000, Used 498581, Requested 2662. Please try again in 3m34.7904s. Need more tokens? Upgrade to Dev Tier today at https://console.groq.com/settings/billing', 'type': 'tokens', 'code': 'rate_limit_exceeded'}})
      ❌ Error on Washing_Machine_Not_Spinning_p14_img1.png: Error code: 429 - {'error': {'message': 'Rate limit reached for model `meta-llama/llama-4-scout-17b-16e-instruct` in organization `org_01ka2nr7p4ege85gxyvpf7mmrd` service tier `on_demand` on tokens per day (TPD): Limit 500000, Used 498551, Requested 2727. Please try again in 3m40.8384s. Need more tokens? Upgrade to Dev Tier today at https://console.groq.com/settings/billing', 'type': 'tokens', 'code': 'rate_limit_exceeded'}}
      ⚠️  Error on Washing_Machine_Not_Spinning_p14_img2.png, retrying in 5 seconds... (Error code: 429 - {'error': {'message': 'Rate limit reached for model `meta-llama/llama-4-scout-17b-16e-instruct` in organization `org_01ka2nr7p4ege85gxyvpf7mmrd` service tier `on_demand` on tokens per day (TPD): Limit 500000, Used 498550, Requested 2662. Please try again in 3m29.433599999s. Need more tokens? Upgrade to Dev Tier today at https://console.groq.com/settings/billing', 'type': 'tokens', 'code': 'rate_limit_exceeded'}})
      ⚠️  Error on Washing_Machine_Not_Spinning_p14_img2.png, retrying in 5 seconds... (Error code: 429 - {'error': {'message': 'Rate limit reached for model `meta-llama/llama-4-scout-17b-16e-instruct` in organization `org_01ka2nr7p4ege85gxyvpf7mmrd` service tier `on_demand` on tokens per day (TPD): Limit 500000, Used 498520, Requested 2662. Please try again in 3m24.2496s. Need more tokens? Upgrade to Dev Tier today at https://console.groq.com/settings/billing', 'type': 'tokens', 'code': 'rate_limit_exceeded'}})
      ❌ Error on Washing_Machine_Not_Spinning_p14_img2.png: Error code: 429 - {'error': {'message': 'Rate limit reached for model `meta-llama/llama-4-scout-17b-16e-instruct` in organization `org_01ka2nr7p4ege85gxyvpf7mmrd` service tier `on_demand` on tokens per day (TPD): Limit 500000, Used 498490, Requested 2662. Please try again in 3m19.0656s. Need more tokens? Upgrade to Dev Tier today at https://console.groq.com/settings/billing', 'type': 'tokens', 'code': 'rate_limit_exceeded'}}
   💾 Saved 0 new entries from Washing Machine Not Spinning.pdf. Total DB: 108

[17/19] Processing: Washing Machine Shaking.pdf
   📖 Reading PDF: Washing Machine Shaking.pdf (12 pages)
   👁️  Analyzing 13 potential images...
      ⚠️  Error on Washing_Machine_Shaking_p2_img1.png, retrying in 5 seconds... (Error code: 429 - {'error': {'message': 'Rate limit reached for model `meta-llama/llama-4-scout-17b-16e-instruct` in organization `org_01ka2nr7p4ege85gxyvpf7mmrd` service tier `on_demand` on tokens per day (TPD): Limit 500000, Used 498485, Requested 2854. Please try again in 3m51.3792s. Need more tokens? Upgrade to Dev Tier today at https://console.groq.com/settings/billing', 'type': 'tokens', 'code': 'rate_limit_exceeded'}})
      ⚠️  Error on Washing_Machine_Shaking_p2_img1.png, retrying in 5 seconds... (Error code: 429 - {'error': {'message': 'Rate limit reached for model `meta-llama/llama-4-scout-17b-16e-instruct` in organization `org_01ka2nr7p4ege85gxyvpf7mmrd` service tier `on_demand` on tokens per day (TPD): Limit 500000, Used 498455, Requested 2919. Please try again in 3m57.4272s. Need more tokens? Upgrade to Dev Tier today at https://console.groq.com/settings/billing', 'type': 'tokens', 'code': 'rate_limit_exceeded'}})
      ❌ Error on Washing_Machine_Shaking_p2_img1.png: Error code: 429 - {'error': {'message': 'Rate limit reached for model `meta-llama/llama-4-scout-17b-16e-instruct` in organization `org_01ka2nr7p4ege85gxyvpf7mmrd` service tier `on_demand` on tokens per day (TPD): Limit 500000, Used 498424, Requested 2854. Please try again in 3m40.8384s. Need more tokens? Upgrade to Dev Tier today at https://console.groq.com/settings/billing', 'type': 'tokens', 'code': 'rate_limit_exceeded'}}
      ⚠️  Error on Washing_Machine_Shaking_p2_img2.png, retrying in 5 seconds... (Error code: 429 - {'error': {'message': 'Rate limit reached for model `meta-llama/llama-4-scout-17b-16e-instruct` in organization `org_01ka2nr7p4ege85gxyvpf7mmrd` service tier `on_demand` on tokens per day (TPD): Limit 500000, Used 498423, Requested 2854. Please try again in 3m40.665599999s. Need more tokens? Upgrade to Dev Tier today at https://console.groq.com/settings/billing', 'type': 'tokens', 'code': 'rate_limit_exceeded'}})
      ⚠️  Error on Washing_Machine_Shaking_p2_img2.png, retrying in 5 seconds... (Error code: 429 - {'error': {'message': 'Rate limit reached for model `meta-llama/llama-4-scout-17b-16e-instruct` in organization `org_01ka2nr7p4ege85gxyvpf7mmrd` service tier `on_demand` on tokens per day (TPD): Limit 500000, Used 498393, Requested 2854. Please try again in 3m35.4816s. Need more tokens? Upgrade to Dev Tier today at https://console.groq.com/settings/billing', 'type': 'tokens', 'code': 'rate_limit_exceeded'}})
      ❌ Error on Washing_Machine_Shaking_p2_img2.png: Error code: 429 - {'error': {'message': 'Rate limit reached for model `meta-llama/llama-4-scout-17b-16e-instruct` in organization `org_01ka2nr7p4ege85gxyvpf7mmrd` service tier `on_demand` on tokens per day (TPD): Limit 500000, Used 498362, Requested 2854. Please try again in 3m30.1248s. Need more tokens? Upgrade to Dev Tier today at https://console.groq.com/settings/billing', 'type': 'tokens', 'code': 'rate_limit_exceeded'}}
      ⚠️  Error on Washing_Machine_Shaking_p6_img1.png, retrying in 5 seconds... (Error code: 429 - {'error': {'message': 'Rate limit reached for model `meta-llama/llama-4-scout-17b-16e-instruct` in organization `org_01ka2nr7p4ege85gxyvpf7mmrd` service tier `on_demand` on tokens per day (TPD): Limit 500000, Used 498358, Requested 3042. Please try again in 4m1.92s. Need more tokens? Upgrade to Dev Tier today at https://console.groq.com/settings/billing', 'type': 'tokens', 'code': 'rate_limit_exceeded'}})
      ⚠️  Error on Washing_Machine_Shaking_p6_img1.png, retrying in 5 seconds... (Error code: 429 - {'error': {'message': 'Rate limit reached for model `meta-llama/llama-4-scout-17b-16e-instruct` in organization `org_01ka2nr7p4ege85gxyvpf7mmrd` service tier `on_demand` on tokens per day (TPD): Limit 500000, Used 498327, Requested 3042. Please try again in 3m56.5632s. Need more tokens? Upgrade to Dev Tier today at https://console.groq.com/settings/billing', 'type': 'tokens', 'code': 'rate_limit_exceeded'}})
      ❌ Error on Washing_Machine_Shaking_p6_img1.png: Error code: 429 - {'error': {'message': 'Rate limit reached for model `meta-llama/llama-4-scout-17b-16e-instruct` in organization `org_01ka2nr7p4ege85gxyvpf7mmrd` service tier `on_demand` on tokens per day (TPD): Limit 500000, Used 498295, Requested 3042. Please try again in 3m51.0336s. Need more tokens? Upgrade to Dev Tier today at https://console.groq.com/settings/billing', 'type': 'tokens', 'code': 'rate_limit_exceeded'}}
      ⚠️  Error on Washing_Machine_Shaking_p10_img1.png, retrying in 5 seconds... (Error code: 429 - {'error': {'message': 'Rate limit reached for model `meta-llama/llama-4-scout-17b-16e-instruct` in organization `org_01ka2nr7p4ege85gxyvpf7mmrd` service tier `on_demand` on tokens per day (TPD): Limit 500000, Used 498295, Requested 2756. Please try again in 3m1.6128s. Need more tokens? Upgrade to Dev Tier today at https://console.groq.com/settings/billing', 'type': 'tokens', 'code': 'rate_limit_exceeded'}})
      ⚠️  Error on Washing_Machine_Shaking_p10_img1.png, retrying in 5 seconds... (Error code: 429 - {'error': {'message': 'Rate limit reached for model `meta-llama/llama-4-scout-17b-16e-instruct` in organization `org_01ka2nr7p4ege85gxyvpf7mmrd` service tier `on_demand` on tokens per day (TPD): Limit 500000, Used 498263, Requested 2756. Please try again in 2m56.083199999s. Need more tokens? Upgrade to Dev Tier today at https://console.groq.com/settings/billing', 'type': 'tokens', 'code': 'rate_limit_exceeded'}})
      ❌ Error on Washing_Machine_Shaking_p10_img1.png: Error code: 429 - {'error': {'message': 'Rate limit reached for model `meta-llama/llama-4-scout-17b-16e-instruct` in organization `org_01ka2nr7p4ege85gxyvpf7mmrd` service tier `on_demand` on tokens per day (TPD): Limit 500000, Used 498231, Requested 2756. Please try again in 2m50.5536s. Need more tokens? Upgrade to Dev Tier today at https://console.groq.com/settings/billing', 'type': 'tokens', 'code': 'rate_limit_exceeded'}}
      ⚠️  Error on Washing_Machine_Shaking_p10_img2.png, retrying in 5 seconds... (Error code: 429 - {'error': {'message': 'Rate limit reached for model `meta-llama/llama-4-scout-17b-16e-instruct` in organization `org_01ka2nr7p4ege85gxyvpf7mmrd` service tier `on_demand` on tokens per day (TPD): Limit 500000, Used 498230, Requested 2756. Please try again in 2m50.3808s. Need more tokens? Upgrade to Dev Tier today at https://console.groq.com/settings/billing', 'type': 'tokens', 'code': 'rate_limit_exceeded'}})
      ⚠️  Error on Washing_Machine_Shaking_p10_img2.png, retrying in 5 seconds... (Error code: 429 - {'error': {'message': 'Rate limit reached for model `meta-llama/llama-4-scout-17b-16e-instruct` in organization `org_01ka2nr7p4ege85gxyvpf7mmrd` service tier `on_demand` on tokens per day (TPD): Limit 500000, Used 498200, Requested 2756. Please try again in 2m45.1968s. Need more tokens? Upgrade to Dev Tier today at https://console.groq.com/settings/billing', 'type': 'tokens', 'code': 'rate_limit_exceeded'}})
      ❌ Error on Washing_Machine_Shaking_p10_img2.png: Error code: 429 - {'error': {'message': 'Rate limit reached for model `meta-llama/llama-4-scout-17b-16e-instruct` in organization `org_01ka2nr7p4ege85gxyvpf7mmrd` service tier `on_demand` on tokens per day (TPD): Limit 500000, Used 498169, Requested 2756. Please try again in 2m39.84s. Need more tokens? Upgrade to Dev Tier today at https://console.groq.com/settings/billing', 'type': 'tokens', 'code': 'rate_limit_exceeded'}}
      ⚠️  Error on Washing_Machine_Shaking_p10_img3.png, retrying in 5 seconds... (Error code: 429 - {'error': {'message': 'Rate limit reached for model `meta-llama/llama-4-scout-17b-16e-instruct` in organization `org_01ka2nr7p4ege85gxyvpf7mmrd` service tier `on_demand` on tokens per day (TPD): Limit 500000, Used 498168, Requested 2756. Please try again in 2m39.6672s. Need more tokens? Upgrade to Dev Tier today at https://console.groq.com/settings/billing', 'type': 'tokens', 'code': 'rate_limit_exceeded'}})
      ⚠️  Error on Washing_Machine_Shaking_p10_img3.png, retrying in 5 seconds... (Error code: 429 - {'error': {'message': 'Rate limit reached for model `meta-llama/llama-4-scout-17b-16e-instruct` in organization `org_01ka2nr7p4ege85gxyvpf7mmrd` service tier `on_demand` on tokens per day (TPD): Limit 500000, Used 498138, Requested 2756. Please try again in 2m34.4832s. Need more tokens? Upgrade to Dev Tier today at https://console.groq.com/settings/billing', 'type': 'tokens', 'code': 'rate_limit_exceeded'}})
      ❌ Error on Washing_Machine_Shaking_p10_img3.png: Error code: 429 - {'error': {'message': 'Rate limit reached for model `meta-llama/llama-4-scout-17b-16e-instruct` in organization `org_01ka2nr7p4ege85gxyvpf7mmrd` service tier `on_demand` on tokens per day (TPD): Limit 500000, Used 498107, Requested 2756. Please try again in 2m29.1264s. Need more tokens? Upgrade to Dev Tier today at https://console.groq.com/settings/billing', 'type': 'tokens', 'code': 'rate_limit_exceeded'}}
      ⚠️  Error on Washing_Machine_Shaking_p10_img4.png, retrying in 5 seconds... (Error code: 429 - {'error': {'message': 'Rate limit reached for model `meta-llama/llama-4-scout-17b-16e-instruct` in organization `org_01ka2nr7p4ege85gxyvpf7mmrd` service tier `on_demand` on tokens per day (TPD): Limit 500000, Used 498106, Requested 2756. Please try again in 2m28.9536s. Need more tokens? Upgrade to Dev Tier today at https://console.groq.com/settings/billing', 'type': 'tokens', 'code': 'rate_limit_exceeded'}})
      ⚠️  Error on Washing_Machine_Shaking_p10_img4.png, retrying in 5 seconds... (Error code: 429 - {'error': {'message': 'Rate limit reached for model `meta-llama/llama-4-scout-17b-16e-instruct` in organization `org_01ka2nr7p4ege85gxyvpf7mmrd` service tier `on_demand` on tokens per day (TPD): Limit 500000, Used 498075, Requested 2756. Please try again in 2m23.5968s. Need more tokens? Upgrade to Dev Tier today at https://console.groq.com/settings/billing', 'type': 'tokens', 'code': 'rate_limit_exceeded'}})
      ❌ Error on Washing_Machine_Shaking_p10_img4.png: Error code: 429 - {'error': {'message': 'Rate limit reached for model `meta-llama/llama-4-scout-17b-16e-instruct` in organization `org_01ka2nr7p4ege85gxyvpf7mmrd` service tier `on_demand` on tokens per day (TPD): Limit 500000, Used 498045, Requested 2756. Please try again in 2m18.4128s. Need more tokens? Upgrade to Dev Tier today at https://console.groq.com/settings/billing', 'type': 'tokens', 'code': 'rate_limit_exceeded'}}
      ⚠️  Error on Washing_Machine_Shaking_p10_img5.png, retrying in 5 seconds... (Error code: 429 - {'error': {'message': 'Rate limit reached for model `meta-llama/llama-4-scout-17b-16e-instruct` in organization `org_01ka2nr7p4ege85gxyvpf7mmrd` service tier `on_demand` on tokens per day (TPD): Limit 500000, Used 498044, Requested 2756. Please try again in 2m18.24s. Need more tokens? Upgrade to Dev Tier today at https://console.groq.com/settings/billing', 'type': 'tokens', 'code': 'rate_limit_exceeded'}})
      ⚠️  Error on Washing_Machine_Shaking_p10_img5.png, retrying in 5 seconds... (Error code: 429 - {'error': {'message': 'Rate limit reached for model `meta-llama/llama-4-scout-17b-16e-instruct` in organization `org_01ka2nr7p4ege85gxyvpf7mmrd` service tier `on_demand` on tokens per day (TPD): Limit 500000, Used 498013, Requested 2756. Please try again in 2m12.8832s. Need more tokens? Upgrade to Dev Tier today at https://console.groq.com/settings/billing', 'type': 'tokens', 'code': 'rate_limit_exceeded'}})
      ❌ Error on Washing_Machine_Shaking_p10_img5.png: Error code: 429 - {'error': {'message': 'Rate limit reached for model `meta-llama/llama-4-scout-17b-16e-instruct` in organization `org_01ka2nr7p4ege85gxyvpf7mmrd` service tier `on_demand` on tokens per day (TPD): Limit 500000, Used 497983, Requested 2756. Please try again in 2m7.699199999s. Need more tokens? Upgrade to Dev Tier today at https://console.groq.com/settings/billing', 'type': 'tokens', 'code': 'rate_limit_exceeded'}}
      ⚠️  Error on Washing_Machine_Shaking_p10_img6.png, retrying in 5 seconds... (Error code: 429 - {'error': {'message': 'Rate limit reached for model `meta-llama/llama-4-scout-17b-16e-instruct` in organization `org_01ka2nr7p4ege85gxyvpf7mmrd` service tier `on_demand` on tokens per day (TPD): Limit 500000, Used 497982, Requested 2756. Please try again in 2m7.5264s. Need more tokens? Upgrade to Dev Tier today at https://console.groq.com/settings/billing', 'type': 'tokens', 'code': 'rate_limit_exceeded'}})
      ⚠️  Error on Washing_Machine_Shaking_p10_img6.png, retrying in 5 seconds... (Error code: 429 - {'error': {'message': 'Rate limit reached for model `meta-llama/llama-4-scout-17b-16e-instruct` in organization `org_01ka2nr7p4ege85gxyvpf7mmrd` service tier `on_demand` on tokens per day (TPD): Limit 500000, Used 497952, Requested 2756. Please try again in 2m2.3424s. Need more tokens? Upgrade to Dev Tier today at https://console.groq.com/settings/billing', 'type': 'tokens', 'code': 'rate_limit_exceeded'}})
      ❌ Error on Washing_Machine_Shaking_p10_img6.png: Error code: 429 - {'error': {'message': 'Rate limit reached for model `meta-llama/llama-4-scout-17b-16e-instruct` in organization `org_01ka2nr7p4ege85gxyvpf7mmrd` service tier `on_demand` on tokens per day (TPD): Limit 500000, Used 497921, Requested 2756. Please try again in 1m56.985599999s. Need more tokens? Upgrade to Dev Tier today at https://console.groq.com/settings/billing', 'type': 'tokens', 'code': 'rate_limit_exceeded'}}
      ⚠️  Error on Washing_Machine_Shaking_p10_img7.png, retrying in 5 seconds... (Error code: 429 - {'error': {'message': 'Rate limit reached for model `meta-llama/llama-4-scout-17b-16e-instruct` in organization `org_01ka2nr7p4ege85gxyvpf7mmrd` service tier `on_demand` on tokens per day (TPD): Limit 500000, Used 497921, Requested 2756. Please try again in 1m56.985599999s. Need more tokens? Upgrade to Dev Tier today at https://console.groq.com/settings/billing', 'type': 'tokens', 'code': 'rate_limit_exceeded'}})
      ⚠️  Error on Washing_Machine_Shaking_p10_img7.png, retrying in 5 seconds... (Error code: 429 - {'error': {'message': 'Rate limit reached for model `meta-llama/llama-4-scout-17b-16e-instruct` in organization `org_01ka2nr7p4ege85gxyvpf7mmrd` service tier `on_demand` on tokens per day (TPD): Limit 500000, Used 497889, Requested 2756. Please try again in 1m51.455999999s. Need more tokens? Upgrade to Dev Tier today at https://console.groq.com/settings/billing', 'type': 'tokens', 'code': 'rate_limit_exceeded'}})
      ❌ Error on Washing_Machine_Shaking_p10_img7.png: Error code: 429 - {'error': {'message': 'Rate limit reached for model `meta-llama/llama-4-scout-17b-16e-instruct` in organization `org_01ka2nr7p4ege85gxyvpf7mmrd` service tier `on_demand` on tokens per day (TPD): Limit 500000, Used 497859, Requested 2756. Please try again in 1m46.271999999s. Need more tokens? Upgrade to Dev Tier today at https://console.groq.com/settings/billing', 'type': 'tokens', 'code': 'rate_limit_exceeded'}}
      ⚠️  Error on Washing_Machine_Shaking_p11_img1.png, retrying in 5 seconds... (Error code: 429 - {'error': {'message': 'Rate limit reached for model `meta-llama/llama-4-scout-17b-16e-instruct` in organization `org_01ka2nr7p4ege85gxyvpf7mmrd` service tier `on_demand` on tokens per day (TPD): Limit 500000, Used 497857, Requested 2669. Please try again in 1m30.8928s. Need more tokens? Upgrade to Dev Tier today at https://console.groq.com/settings/billing', 'type': 'tokens', 'code': 'rate_limit_exceeded'}})
      ⚠️  Error on Washing_Machine_Shaking_p11_img1.png, retrying in 5 seconds... (Error code: 429 - {'error': {'message': 'Rate limit reached for model `meta-llama/llama-4-scout-17b-16e-instruct` in organization `org_01ka2nr7p4ege85gxyvpf7mmrd` service tier `on_demand` on tokens per day (TPD): Limit 500000, Used 497825, Requested 2669. Please try again in 1m25.363199999s. Need more tokens? Upgrade to Dev Tier today at https://console.groq.com/settings/billing', 'type': 'tokens', 'code': 'rate_limit_exceeded'}})
      ❌ Error on Washing_Machine_Shaking_p11_img1.png: Error code: 429 - {'error': {'message': 'Rate limit reached for model `meta-llama/llama-4-scout-17b-16e-instruct` in organization `org_01ka2nr7p4ege85gxyvpf7mmrd` service tier `on_demand` on tokens per day (TPD): Limit 500000, Used 497792, Requested 2669. Please try again in 1m19.6608s. Need more tokens? Upgrade to Dev Tier today at https://console.groq.com/settings/billing', 'type': 'tokens', 'code': 'rate_limit_exceeded'}}
      ⚠️  Error on Washing_Machine_Shaking_p12_img1.png, retrying in 5 seconds... (Error code: 429 - {'error': {'message': 'Rate limit reached for model `meta-llama/llama-4-scout-17b-16e-instruct` in organization `org_01ka2nr7p4ege85gxyvpf7mmrd` service tier `on_demand` on tokens per day (TPD): Limit 500000, Used 497791, Requested 2636. Please try again in 1m13.7856s. Need more tokens? Upgrade to Dev Tier today at https://console.groq.com/settings/billing', 'type': 'tokens', 'code': 'rate_limit_exceeded'}})
      ⚠️  Error on Washing_Machine_Shaking_p12_img1.png, retrying in 5 seconds... (Error code: 429 - {'error': {'message': 'Rate limit reached for model `meta-llama/llama-4-scout-17b-16e-instruct` in organization `org_01ka2nr7p4ege85gxyvpf7mmrd` service tier `on_demand` on tokens per day (TPD): Limit 500000, Used 497760, Requested 2636. Please try again in 1m8.428799999s. Need more tokens? Upgrade to Dev Tier today at https://console.groq.com/settings/billing', 'type': 'tokens', 'code': 'rate_limit_exceeded'}})
      ❌ Error on Washing_Machine_Shaking_p12_img1.png: Error code: 429 - {'error': {'message': 'Rate limit reached for model `meta-llama/llama-4-scout-17b-16e-instruct` in organization `org_01ka2nr7p4ege85gxyvpf7mmrd` service tier `on_demand` on tokens per day (TPD): Limit 500000, Used 497730, Requested 2636. Please try again in 1m3.2448s. Need more tokens? Upgrade to Dev Tier today at https://console.groq.com/settings/billing', 'type': 'tokens', 'code': 'rate_limit_exceeded'}}
      ⚠️  Error on Washing_Machine_Shaking_p12_img2.png, retrying in 5 seconds... (Error code: 429 - {'error': {'message': 'Rate limit reached for model `meta-llama/llama-4-scout-17b-16e-instruct` in organization `org_01ka2nr7p4ege85gxyvpf7mmrd` service tier `on_demand` on tokens per day (TPD): Limit 500000, Used 497729, Requested 2636. Please try again in 1m3.071999999s. Need more tokens? Upgrade to Dev Tier today at https://console.groq.com/settings/billing', 'type': 'tokens', 'code': 'rate_limit_exceeded'}})
      🗑️  Skipping Junk: Washing_Machine_Shaking_p12_img2.png
   💾 Saved 0 new entries from Washing Machine Shaking.pdf. Total DB: 108

[18/19] Processing: Washing Machine Troubleshooting.pdf
   📖 Reading PDF: Washing Machine Troubleshooting.pdf (10 pages)
   👁️  Analyzing 11 potential images...
      ⚠️  Error on Washing_Machine_Troubleshooting_p2_img1.png, retrying in 5 seconds... (Error code: 429 - {'error': {'message': 'Rate limit reached for model `meta-llama/llama-4-scout-17b-16e-instruct` in organization `org_01ka2nr7p4ege85gxyvpf7mmrd` service tier `on_demand` on tokens per day (TPD): Limit 500000, Used 499997, Requested 2815. Please try again in 8m5.9136s. Need more tokens? Upgrade to Dev Tier today at https://console.groq.com/settings/billing', 'type': 'tokens', 'code': 'rate_limit_exceeded'}})
      ⚠️  Error on Washing_Machine_Troubleshooting_p2_img1.png, retrying in 5 seconds... (Error code: 429 - {'error': {'message': 'Rate limit reached for model `meta-llama/llama-4-scout-17b-16e-instruct` in organization `org_01ka2nr7p4ege85gxyvpf7mmrd` service tier `on_demand` on tokens per day (TPD): Limit 500000, Used 499967, Requested 2843. Please try again in 8m5.568s. Need more tokens? Upgrade to Dev Tier today at https://console.groq.com/settings/billing', 'type': 'tokens', 'code': 'rate_limit_exceeded'}})
      ❌ Error on Washing_Machine_Troubleshooting_p2_img1.png: Error code: 429 - {'error': {'message': 'Rate limit reached for model `meta-llama/llama-4-scout-17b-16e-instruct` in organization `org_01ka2nr7p4ege85gxyvpf7mmrd` service tier `on_demand` on tokens per day (TPD): Limit 500000, Used 499936, Requested 2843. Please try again in 8m0.211199999s. Need more tokens? Upgrade to Dev Tier today at https://console.groq.com/settings/billing', 'type': 'tokens', 'code': 'rate_limit_exceeded'}}
      ⚠️  Error on Washing_Machine_Troubleshooting_p2_img2.png, retrying in 5 seconds... (Error code: 429 - {'error': {'message': 'Rate limit reached for model `meta-llama/llama-4-scout-17b-16e-instruct` in organization `org_01ka2nr7p4ege85gxyvpf7mmrd` service tier `on_demand` on tokens per day (TPD): Limit 500000, Used 499935, Requested 2843. Please try again in 8m0.0384s. Need more tokens? Upgrade to Dev Tier today at https://console.groq.com/settings/billing', 'type': 'tokens', 'code': 'rate_limit_exceeded'}})
      ⚠️  Error on Washing_Machine_Troubleshooting_p2_img2.png, retrying in 5 seconds... (Error code: 429 - {'error': {'message': 'Rate limit reached for model `meta-llama/llama-4-scout-17b-16e-instruct` in organization `org_01ka2nr7p4ege85gxyvpf7mmrd` service tier `on_demand` on tokens per day (TPD): Limit 500000, Used 499904, Requested 2843. Please try again in 7m54.6816s. Need more tokens? Upgrade to Dev Tier today at https://console.groq.com/settings/billing', 'type': 'tokens', 'code': 'rate_limit_exceeded'}})
      ❌ Error on Washing_Machine_Troubleshooting_p2_img2.png: Error code: 429 - {'error': {'message': 'Rate limit reached for model `meta-llama/llama-4-scout-17b-16e-instruct` in organization `org_01ka2nr7p4ege85gxyvpf7mmrd` service tier `on_demand` on tokens per day (TPD): Limit 500000, Used 499873, Requested 2815. Please try again in 7m44.486399999s. Need more tokens? Upgrade to Dev Tier today at https://console.groq.com/settings/billing', 'type': 'tokens', 'code': 'rate_limit_exceeded'}}
      ⚠️  Error on Washing_Machine_Troubleshooting_p8_img1.png, retrying in 5 seconds... (Error code: 429 - {'error': {'message': 'Rate limit reached for model `meta-llama/llama-4-scout-17b-16e-instruct` in organization `org_01ka2nr7p4ege85gxyvpf7mmrd` service tier `on_demand` on tokens per day (TPD): Limit 500000, Used 499873, Requested 2759. Please try again in 7m34.8096s. Need more tokens? Upgrade to Dev Tier today at https://console.groq.com/settings/billing', 'type': 'tokens', 'code': 'rate_limit_exceeded'}})
      ⚠️  Error on Washing_Machine_Troubleshooting_p8_img1.png, retrying in 5 seconds... (Error code: 429 - {'error': {'message': 'Rate limit reached for model `meta-llama/llama-4-scout-17b-16e-instruct` in organization `org_01ka2nr7p4ege85gxyvpf7mmrd` service tier `on_demand` on tokens per day (TPD): Limit 500000, Used 499842, Requested 2787. Please try again in 7m34.291199999s. Need more tokens? Upgrade to Dev Tier today at https://console.groq.com/settings/billing', 'type': 'tokens', 'code': 'rate_limit_exceeded'}})
      ❌ Error on Washing_Machine_Troubleshooting_p8_img1.png: Error code: 429 - {'error': {'message': 'Rate limit reached for model `meta-llama/llama-4-scout-17b-16e-instruct` in organization `org_01ka2nr7p4ege85gxyvpf7mmrd` service tier `on_demand` on tokens per day (TPD): Limit 500000, Used 499811, Requested 2787. Please try again in 7m28.9344s. Need more tokens? Upgrade to Dev Tier today at https://console.groq.com/settings/billing', 'type': 'tokens', 'code': 'rate_limit_exceeded'}}
      ⚠️  Error on Washing_Machine_Troubleshooting_p8_img2.png, retrying in 5 seconds... (Error code: 429 - {'error': {'message': 'Rate limit reached for model `meta-llama/llama-4-scout-17b-16e-instruct` in organization `org_01ka2nr7p4ege85gxyvpf7mmrd` service tier `on_demand` on tokens per day (TPD): Limit 500000, Used 499811, Requested 2759. Please try again in 7m24.095999999s. Need more tokens? Upgrade to Dev Tier today at https://console.groq.com/settings/billing', 'type': 'tokens', 'code': 'rate_limit_exceeded'}})
      ⚠️  Error on Washing_Machine_Troubleshooting_p8_img2.png, retrying in 5 seconds... (Error code: 429 - {'error': {'message': 'Rate limit reached for model `meta-llama/llama-4-scout-17b-16e-instruct` in organization `org_01ka2nr7p4ege85gxyvpf7mmrd` service tier `on_demand` on tokens per day (TPD): Limit 500000, Used 499780, Requested 2787. Please try again in 7m23.577599999s. Need more tokens? Upgrade to Dev Tier today at https://console.groq.com/settings/billing', 'type': 'tokens', 'code': 'rate_limit_exceeded'}})
      ❌ Error on Washing_Machine_Troubleshooting_p8_img2.png: Error code: 429 - {'error': {'message': 'Rate limit reached for model `meta-llama/llama-4-scout-17b-16e-instruct` in organization `org_01ka2nr7p4ege85gxyvpf7mmrd` service tier `on_demand` on tokens per day (TPD): Limit 500000, Used 499749, Requested 2787. Please try again in 7m18.2208s. Need more tokens? Upgrade to Dev Tier today at https://console.groq.com/settings/billing', 'type': 'tokens', 'code': 'rate_limit_exceeded'}}
      ⚠️  Error on Washing_Machine_Troubleshooting_p8_img3.png, retrying in 5 seconds... (Error code: 429 - {'error': {'message': 'Rate limit reached for model `meta-llama/llama-4-scout-17b-16e-instruct` in organization `org_01ka2nr7p4ege85gxyvpf7mmrd` service tier `on_demand` on tokens per day (TPD): Limit 500000, Used 499748, Requested 2787. Please try again in 7m18.048s. Need more tokens? Upgrade to Dev Tier today at https://console.groq.com/settings/billing', 'type': 'tokens', 'code': 'rate_limit_exceeded'}})
      ⚠️  Error on Washing_Machine_Troubleshooting_p8_img3.png, retrying in 5 seconds... (Error code: 429 - {'error': {'message': 'Rate limit reached for model `meta-llama/llama-4-scout-17b-16e-instruct` in organization `org_01ka2nr7p4ege85gxyvpf7mmrd` service tier `on_demand` on tokens per day (TPD): Limit 500000, Used 499717, Requested 2759. Please try again in 7m7.8528s. Need more tokens? Upgrade to Dev Tier today at https://console.groq.com/settings/billing', 'type': 'tokens', 'code': 'rate_limit_exceeded'}})
      ❌ Error on Washing_Machine_Troubleshooting_p8_img3.png: Error code: 429 - {'error': {'message': 'Rate limit reached for model `meta-llama/llama-4-scout-17b-16e-instruct` in organization `org_01ka2nr7p4ege85gxyvpf7mmrd` service tier `on_demand` on tokens per day (TPD): Limit 500000, Used 499686, Requested 2759. Please try again in 7m2.496s. Need more tokens? Upgrade to Dev Tier today at https://console.groq.com/settings/billing', 'type': 'tokens', 'code': 'rate_limit_exceeded'}}
      ⚠️  Error on Washing_Machine_Troubleshooting_p8_img4.png, retrying in 5 seconds... (Error code: 429 - {'error': {'message': 'Rate limit reached for model `meta-llama/llama-4-scout-17b-16e-instruct` in organization `org_01ka2nr7p4ege85gxyvpf7mmrd` service tier `on_demand` on tokens per day (TPD): Limit 500000, Used 499686, Requested 2787. Please try again in 7m7.3344s. Need more tokens? Upgrade to Dev Tier today at https://console.groq.com/settings/billing', 'type': 'tokens', 'code': 'rate_limit_exceeded'}})
      ⚠️  Error on Washing_Machine_Troubleshooting_p8_img4.png, retrying in 5 seconds... (Error code: 429 - {'error': {'message': 'Rate limit reached for model `meta-llama/llama-4-scout-17b-16e-instruct` in organization `org_01ka2nr7p4ege85gxyvpf7mmrd` service tier `on_demand` on tokens per day (TPD): Limit 500000, Used 499655, Requested 2787. Please try again in 7m1.9776s. Need more tokens? Upgrade to Dev Tier today at https://console.groq.com/settings/billing', 'type': 'tokens', 'code': 'rate_limit_exceeded'}})
      ❌ Error on Washing_Machine_Troubleshooting_p8_img4.png: Error code: 429 - {'error': {'message': 'Rate limit reached for model `meta-llama/llama-4-scout-17b-16e-instruct` in organization `org_01ka2nr7p4ege85gxyvpf7mmrd` service tier `on_demand` on tokens per day (TPD): Limit 500000, Used 499624, Requested 2787. Please try again in 6m56.6208s. Need more tokens? Upgrade to Dev Tier today at https://console.groq.com/settings/billing', 'type': 'tokens', 'code': 'rate_limit_exceeded'}}
      ⚠️  Error on Washing_Machine_Troubleshooting_p8_img5.png, retrying in 5 seconds... (Error code: 429 - {'error': {'message': 'Rate limit reached for model `meta-llama/llama-4-scout-17b-16e-instruct` in organization `org_01ka2nr7p4ege85gxyvpf7mmrd` service tier `on_demand` on tokens per day (TPD): Limit 500000, Used 499623, Requested 2759. Please try again in 6m51.6096s. Need more tokens? Upgrade to Dev Tier today at https://console.groq.com/settings/billing', 'type': 'tokens', 'code': 'rate_limit_exceeded'}})
      ⚠️  Error on Washing_Machine_Troubleshooting_p8_img5.png, retrying in 5 seconds... (Error code: 429 - {'error': {'message': 'Rate limit reached for model `meta-llama/llama-4-scout-17b-16e-instruct` in organization `org_01ka2nr7p4ege85gxyvpf7mmrd` service tier `on_demand` on tokens per day (TPD): Limit 500000, Used 499593, Requested 2787. Please try again in 6m51.264s. Need more tokens? Upgrade to Dev Tier today at https://console.groq.com/settings/billing', 'type': 'tokens', 'code': 'rate_limit_exceeded'}})
      ❌ Error on Washing_Machine_Troubleshooting_p8_img5.png: Error code: 429 - {'error': {'message': 'Rate limit reached for model `meta-llama/llama-4-scout-17b-16e-instruct` in organization `org_01ka2nr7p4ege85gxyvpf7mmrd` service tier `on_demand` on tokens per day (TPD): Limit 500000, Used 499562, Requested 2787. Please try again in 6m45.9072s. Need more tokens? Upgrade to Dev Tier today at https://console.groq.com/settings/billing', 'type': 'tokens', 'code': 'rate_limit_exceeded'}}
      ⚠️  Error on Washing_Machine_Troubleshooting_p8_img6.png, retrying in 5 seconds... (Error code: 429 - {'error': {'message': 'Rate limit reached for model `meta-llama/llama-4-scout-17b-16e-instruct` in organization `org_01ka2nr7p4ege85gxyvpf7mmrd` service tier `on_demand` on tokens per day (TPD): Limit 500000, Used 499561, Requested 2759. Please try again in 6m40.896s. Need more tokens? Upgrade to Dev Tier today at https://console.groq.com/settings/billing', 'type': 'tokens', 'code': 'rate_limit_exceeded'}})
      ⚠️  Error on Washing_Machine_Troubleshooting_p8_img6.png, retrying in 5 seconds... (Error code: 429 - {'error': {'message': 'Rate limit reached for model `meta-llama/llama-4-scout-17b-16e-instruct` in organization `org_01ka2nr7p4ege85gxyvpf7mmrd` service tier `on_demand` on tokens per day (TPD): Limit 500000, Used 499530, Requested 2759. Please try again in 6m35.5392s. Need more tokens? Upgrade to Dev Tier today at https://console.groq.com/settings/billing', 'type': 'tokens', 'code': 'rate_limit_exceeded'}})
      ❌ Error on Washing_Machine_Troubleshooting_p8_img6.png: Error code: 429 - {'error': {'message': 'Rate limit reached for model `meta-llama/llama-4-scout-17b-16e-instruct` in organization `org_01ka2nr7p4ege85gxyvpf7mmrd` service tier `on_demand` on tokens per day (TPD): Limit 500000, Used 499499, Requested 2787. Please try again in 6m35.020799999s. Need more tokens? Upgrade to Dev Tier today at https://console.groq.com/settings/billing', 'type': 'tokens', 'code': 'rate_limit_exceeded'}}
      ⚠️  Error on Washing_Machine_Troubleshooting_p9_img1.png, retrying in 5 seconds... (Error code: 429 - {'error': {'message': 'Rate limit reached for model `meta-llama/llama-4-scout-17b-16e-instruct` in organization `org_01ka2nr7p4ege85gxyvpf7mmrd` service tier `on_demand` on tokens per day (TPD): Limit 500000, Used 499498, Requested 2666. Please try again in 6m13.9392s. Need more tokens? Upgrade to Dev Tier today at https://console.groq.com/settings/billing', 'type': 'tokens', 'code': 'rate_limit_exceeded'}})
      ⚠️  Error on Washing_Machine_Troubleshooting_p9_img1.png, retrying in 5 seconds... (Error code: 429 - {'error': {'message': 'Rate limit reached for model `meta-llama/llama-4-scout-17b-16e-instruct` in organization `org_01ka2nr7p4ege85gxyvpf7mmrd` service tier `on_demand` on tokens per day (TPD): Limit 500000, Used 499466, Requested 2666. Please try again in 6m8.4096s. Need more tokens? Upgrade to Dev Tier today at https://console.groq.com/settings/billing', 'type': 'tokens', 'code': 'rate_limit_exceeded'}})
      ❌ Error on Washing_Machine_Troubleshooting_p9_img1.png: Error code: 429 - {'error': {'message': 'Rate limit reached for model `meta-llama/llama-4-scout-17b-16e-instruct` in organization `org_01ka2nr7p4ege85gxyvpf7mmrd` service tier `on_demand` on tokens per day (TPD): Limit 500000, Used 499435, Requested 2694. Please try again in 6m7.891199999s. Need more tokens? Upgrade to Dev Tier today at https://console.groq.com/settings/billing', 'type': 'tokens', 'code': 'rate_limit_exceeded'}}
      ⚠️  Error on Washing_Machine_Troubleshooting_p10_img1.png, retrying in 5 seconds... (Error code: 429 - {'error': {'message': 'Rate limit reached for model `meta-llama/llama-4-scout-17b-16e-instruct` in organization `org_01ka2nr7p4ege85gxyvpf7mmrd` service tier `on_demand` on tokens per day (TPD): Limit 500000, Used 499434, Requested 2635. Please try again in 5m57.5232s. Need more tokens? Upgrade to Dev Tier today at https://console.groq.com/settings/billing', 'type': 'tokens', 'code': 'rate_limit_exceeded'}})
      ⚠️  Error on Washing_Machine_Troubleshooting_p10_img1.png, retrying in 5 seconds... (Error code: 429 - {'error': {'message': 'Rate limit reached for model `meta-llama/llama-4-scout-17b-16e-instruct` in organization `org_01ka2nr7p4ege85gxyvpf7mmrd` service tier `on_demand` on tokens per day (TPD): Limit 500000, Used 499402, Requested 2663. Please try again in 5m56.832s. Need more tokens? Upgrade to Dev Tier today at https://console.groq.com/settings/billing', 'type': 'tokens', 'code': 'rate_limit_exceeded'}})
      ❌ Error on Washing_Machine_Troubleshooting_p10_img1.png: Error code: 429 - {'error': {'message': 'Rate limit reached for model `meta-llama/llama-4-scout-17b-16e-instruct` in organization `org_01ka2nr7p4ege85gxyvpf7mmrd` service tier `on_demand` on tokens per day (TPD): Limit 500000, Used 499371, Requested 2635. Please try again in 5m46.6368s. Need more tokens? Upgrade to Dev Tier today at https://console.groq.com/settings/billing', 'type': 'tokens', 'code': 'rate_limit_exceeded'}}
      ⚠️  Error on Washing_Machine_Troubleshooting_p10_img2.png, retrying in 5 seconds... (Error code: 429 - {'error': {'message': 'Rate limit reached for model `meta-llama/llama-4-scout-17b-16e-instruct` in organization `org_01ka2nr7p4ege85gxyvpf7mmrd` service tier `on_demand` on tokens per day (TPD): Limit 500000, Used 499370, Requested 2635. Please try again in 5m46.464s. Need more tokens? Upgrade to Dev Tier today at https://console.groq.com/settings/billing', 'type': 'tokens', 'code': 'rate_limit_exceeded'}})
      ⚠️  Error on Washing_Machine_Troubleshooting_p10_img2.png, retrying in 5 seconds... (Error code: 429 - {'error': {'message': 'Rate limit reached for model `meta-llama/llama-4-scout-17b-16e-instruct` in organization `org_01ka2nr7p4ege85gxyvpf7mmrd` service tier `on_demand` on tokens per day (TPD): Limit 500000, Used 499340, Requested 2663. Please try again in 5m46.1184s. Need more tokens? Upgrade to Dev Tier today at https://console.groq.com/settings/billing', 'type': 'tokens', 'code': 'rate_limit_exceeded'}})
      ❌ Error on Washing_Machine_Troubleshooting_p10_img2.png: Error code: 429 - {'error': {'message': 'Rate limit reached for model `meta-llama/llama-4-scout-17b-16e-instruct` in organization `org_01ka2nr7p4ege85gxyvpf7mmrd` service tier `on_demand` on tokens per day (TPD): Limit 500000, Used 499308, Requested 2635. Please try again in 5m35.7504s. Need more tokens? Upgrade to Dev Tier today at https://console.groq.com/settings/billing', 'type': 'tokens', 'code': 'rate_limit_exceeded'}}
   💾 Saved 0 new entries from Washing Machine Troubleshooting.pdf. Total DB: 108

[19/19] Processing: Washing Machine Won't Turn On.pdf
   📖 Reading PDF: Washing Machine Won't Turn On.pdf (9 pages)
   👁️  Analyzing 12 potential images...
      ⚠️  Error on Washing_Machine_Won't_Turn_On_p2_img1.png, retrying in 5 seconds... (Error code: 429 - {'error': {'message': 'Rate limit reached for model `meta-llama/llama-4-scout-17b-16e-instruct` in organization `org_01ka2nr7p4ege85gxyvpf7mmrd` service tier `on_demand` on tokens per day (TPD): Limit 500000, Used 499304, Requested 2857. Please try again in 6m13.4208s. Need more tokens? Upgrade to Dev Tier today at https://console.groq.com/settings/billing', 'type': 'tokens', 'code': 'rate_limit_exceeded'}})
      ⚠️  Error on Washing_Machine_Won't_Turn_On_p2_img1.png, retrying in 5 seconds... (Error code: 429 - {'error': {'message': 'Rate limit reached for model `meta-llama/llama-4-scout-17b-16e-instruct` in organization `org_01ka2nr7p4ege85gxyvpf7mmrd` service tier `on_demand` on tokens per day (TPD): Limit 500000, Used 499273, Requested 2857. Please try again in 6m8.063999999s. Need more tokens? Upgrade to Dev Tier today at https://console.groq.com/settings/billing', 'type': 'tokens', 'code': 'rate_limit_exceeded'}})
      ❌ Error on Washing_Machine_Won't_Turn_On_p2_img1.png: Error code: 429 - {'error': {'message': 'Rate limit reached for model `meta-llama/llama-4-scout-17b-16e-instruct` in organization `org_01ka2nr7p4ege85gxyvpf7mmrd` service tier `on_demand` on tokens per day (TPD): Limit 500000, Used 499240, Requested 2857. Please try again in 6m2.3616s. Need more tokens? Upgrade to Dev Tier today at https://console.groq.com/settings/billing', 'type': 'tokens', 'code': 'rate_limit_exceeded'}}
      ⚠️  Error on Washing_Machine_Won't_Turn_On_p2_img2.png, retrying in 5 seconds... (Error code: 429 - {'error': {'message': 'Rate limit reached for model `meta-llama/llama-4-scout-17b-16e-instruct` in organization `org_01ka2nr7p4ege85gxyvpf7mmrd` service tier `on_demand` on tokens per day (TPD): Limit 500000, Used 499240, Requested 2857. Please try again in 6m2.3616s. Need more tokens? Upgrade to Dev Tier today at https://console.groq.com/settings/billing', 'type': 'tokens', 'code': 'rate_limit_exceeded'}})
      ⚠️  Error on Washing_Machine_Won't_Turn_On_p2_img2.png, retrying in 5 seconds... (Error code: 429 - {'error': {'message': 'Rate limit reached for model `meta-llama/llama-4-scout-17b-16e-instruct` in organization `org_01ka2nr7p4ege85gxyvpf7mmrd` service tier `on_demand` on tokens per day (TPD): Limit 500000, Used 499209, Requested 2829. Please try again in 5m52.166399999s. Need more tokens? Upgrade to Dev Tier today at https://console.groq.com/settings/billing', 'type': 'tokens', 'code': 'rate_limit_exceeded'}})
      ❌ Error on Washing_Machine_Won't_Turn_On_p2_img2.png: Error code: 429 - {'error': {'message': 'Rate limit reached for model `meta-llama/llama-4-scout-17b-16e-instruct` in organization `org_01ka2nr7p4ege85gxyvpf7mmrd` service tier `on_demand` on tokens per day (TPD): Limit 500000, Used 499178, Requested 2829. Please try again in 5m46.8096s. Need more tokens? Upgrade to Dev Tier today at https://console.groq.com/settings/billing', 'type': 'tokens', 'code': 'rate_limit_exceeded'}}
      ⚠️  Error on Washing_Machine_Won't_Turn_On_p5_img1.png, retrying in 5 seconds... (Error code: 429 - {'error': {'message': 'Rate limit reached for model `meta-llama/llama-4-scout-17b-16e-instruct` in organization `org_01ka2nr7p4ege85gxyvpf7mmrd` service tier `on_demand` on tokens per day (TPD): Limit 500000, Used 499177, Requested 3036. Please try again in 6m22.4064s. Need more tokens? Upgrade to Dev Tier today at https://console.groq.com/settings/billing', 'type': 'tokens', 'code': 'rate_limit_exceeded'}})
      ⚠️  Error on Washing_Machine_Won't_Turn_On_p5_img1.png, retrying in 5 seconds... (Error code: 429 - {'error': {'message': 'Rate limit reached for model `meta-llama/llama-4-scout-17b-16e-instruct` in organization `org_01ka2nr7p4ege85gxyvpf7mmrd` service tier `on_demand` on tokens per day (TPD): Limit 500000, Used 499146, Requested 3036. Please try again in 6m17.0496s. Need more tokens? Upgrade to Dev Tier today at https://console.groq.com/settings/billing', 'type': 'tokens', 'code': 'rate_limit_exceeded'}})
      ❌ Error on Washing_Machine_Won't_Turn_On_p5_img1.png: Error code: 429 - {'error': {'message': 'Rate limit reached for model `meta-llama/llama-4-scout-17b-16e-instruct` in organization `org_01ka2nr7p4ege85gxyvpf7mmrd` service tier `on_demand` on tokens per day (TPD): Limit 500000, Used 499115, Requested 3036. Please try again in 6m11.6928s. Need more tokens? Upgrade to Dev Tier today at https://console.groq.com/settings/billing', 'type': 'tokens', 'code': 'rate_limit_exceeded'}}
      ⚠️  Error on Washing_Machine_Won't_Turn_On_p7_img1.png, retrying in 5 seconds... (Error code: 429 - {'error': {'message': 'Rate limit reached for model `meta-llama/llama-4-scout-17b-16e-instruct` in organization `org_01ka2nr7p4ege85gxyvpf7mmrd` service tier `on_demand` on tokens per day (TPD): Limit 500000, Used 499114, Requested 2729. Please try again in 5m18.4704s. Need more tokens? Upgrade to Dev Tier today at https://console.groq.com/settings/billing', 'type': 'tokens', 'code': 'rate_limit_exceeded'}})
      ⚠️  Error on Washing_Machine_Won't_Turn_On_p7_img1.png, retrying in 5 seconds... (Error code: 429 - {'error': {'message': 'Rate limit reached for model `meta-llama/llama-4-scout-17b-16e-instruct` in organization `org_01ka2nr7p4ege85gxyvpf7mmrd` service tier `on_demand` on tokens per day (TPD): Limit 500000, Used 499083, Requested 2701. Please try again in 5m8.2752s. Need more tokens? Upgrade to Dev Tier today at https://console.groq.com/settings/billing', 'type': 'tokens', 'code': 'rate_limit_exceeded'}})
      ❌ Error on Washing_Machine_Won't_Turn_On_p7_img1.png: Error code: 429 - {'error': {'message': 'Rate limit reached for model `meta-llama/llama-4-scout-17b-16e-instruct` in organization `org_01ka2nr7p4ege85gxyvpf7mmrd` service tier `on_demand` on tokens per day (TPD): Limit 500000, Used 499051, Requested 2701. Please try again in 5m2.7456s. Need more tokens? Upgrade to Dev Tier today at https://console.groq.com/settings/billing', 'type': 'tokens', 'code': 'rate_limit_exceeded'}}
      ⚠️  Error on Washing_Machine_Won't_Turn_On_p7_img2.png, retrying in 5 seconds... (Error code: 429 - {'error': {'message': 'Rate limit reached for model `meta-llama/llama-4-scout-17b-16e-instruct` in organization `org_01ka2nr7p4ege85gxyvpf7mmrd` service tier `on_demand` on tokens per day (TPD): Limit 500000, Used 499050, Requested 2729. Please try again in 5m7.4112s. Need more tokens? Upgrade to Dev Tier today at https://console.groq.com/settings/billing', 'type': 'tokens', 'code': 'rate_limit_exceeded'}})
      ⚠️  Error on Washing_Machine_Won't_Turn_On_p7_img2.png, retrying in 5 seconds... (Error code: 429 - {'error': {'message': 'Rate limit reached for model `meta-llama/llama-4-scout-17b-16e-instruct` in organization `org_01ka2nr7p4ege85gxyvpf7mmrd` service tier `on_demand` on tokens per day (TPD): Limit 500000, Used 499020, Requested 2701. Please try again in 4m57.3888s. Need more tokens? Upgrade to Dev Tier today at https://console.groq.com/settings/billing', 'type': 'tokens', 'code': 'rate_limit_exceeded'}})
      ❌ Error on Washing_Machine_Won't_Turn_On_p7_img2.png: Error code: 429 - {'error': {'message': 'Rate limit reached for model `meta-llama/llama-4-scout-17b-16e-instruct` in organization `org_01ka2nr7p4ege85gxyvpf7mmrd` service tier `on_demand` on tokens per day (TPD): Limit 500000, Used 498989, Requested 2701. Please try again in 4m52.032s. Need more tokens? Upgrade to Dev Tier today at https://console.groq.com/settings/billing', 'type': 'tokens', 'code': 'rate_limit_exceeded'}}
      ⚠️  Error on Washing_Machine_Won't_Turn_On_p7_img3.png, retrying in 5 seconds... (Error code: 429 - {'error': {'message': 'Rate limit reached for model `meta-llama/llama-4-scout-17b-16e-instruct` in organization `org_01ka2nr7p4ege85gxyvpf7mmrd` service tier `on_demand` on tokens per day (TPD): Limit 500000, Used 498989, Requested 2729. Please try again in 4m56.870399999s. Need more tokens? Upgrade to Dev Tier today at https://console.groq.com/settings/billing', 'type': 'tokens', 'code': 'rate_limit_exceeded'}})
      ⚠️  Error on Washing_Machine_Won't_Turn_On_p7_img3.png, retrying in 5 seconds... (Error code: 429 - {'error': {'message': 'Rate limit reached for model `meta-llama/llama-4-scout-17b-16e-instruct` in organization `org_01ka2nr7p4ege85gxyvpf7mmrd` service tier `on_demand` on tokens per day (TPD): Limit 500000, Used 498958, Requested 2701. Please try again in 4m46.6752s. Need more tokens? Upgrade to Dev Tier today at https://console.groq.com/settings/billing', 'type': 'tokens', 'code': 'rate_limit_exceeded'}})
      ❌ Error on Washing_Machine_Won't_Turn_On_p7_img3.png: Error code: 429 - {'error': {'message': 'Rate limit reached for model `meta-llama/llama-4-scout-17b-16e-instruct` in organization `org_01ka2nr7p4ege85gxyvpf7mmrd` service tier `on_demand` on tokens per day (TPD): Limit 500000, Used 498928, Requested 2701. Please try again in 4m41.4912s. Need more tokens? Upgrade to Dev Tier today at https://console.groq.com/settings/billing', 'type': 'tokens', 'code': 'rate_limit_exceeded'}}
      ⚠️  Error on Washing_Machine_Won't_Turn_On_p7_img4.png, retrying in 5 seconds... (Error code: 429 - {'error': {'message': 'Rate limit reached for model `meta-llama/llama-4-scout-17b-16e-instruct` in organization `org_01ka2nr7p4ege85gxyvpf7mmrd` service tier `on_demand` on tokens per day (TPD): Limit 500000, Used 498927, Requested 2701. Please try again in 4m41.3184s. Need more tokens? Upgrade to Dev Tier today at https://console.groq.com/settings/billing', 'type': 'tokens', 'code': 'rate_limit_exceeded'}})
      ⚠️  Error on Washing_Machine_Won't_Turn_On_p7_img4.png, retrying in 5 seconds... (Error code: 429 - {'error': {'message': 'Rate limit reached for model `meta-llama/llama-4-scout-17b-16e-instruct` in organization `org_01ka2nr7p4ege85gxyvpf7mmrd` service tier `on_demand` on tokens per day (TPD): Limit 500000, Used 498896, Requested 2701. Please try again in 4m35.9616s. Need more tokens? Upgrade to Dev Tier today at https://console.groq.com/settings/billing', 'type': 'tokens', 'code': 'rate_limit_exceeded'}})
      ❌ Error on Washing_Machine_Won't_Turn_On_p7_img4.png: Error code: 429 - {'error': {'message': 'Rate limit reached for model `meta-llama/llama-4-scout-17b-16e-instruct` in organization `org_01ka2nr7p4ege85gxyvpf7mmrd` service tier `on_demand` on tokens per day (TPD): Limit 500000, Used 498865, Requested 2701. Please try again in 4m30.604799999s. Need more tokens? Upgrade to Dev Tier today at https://console.groq.com/settings/billing', 'type': 'tokens', 'code': 'rate_limit_exceeded'}}
      ⚠️  Error on Washing_Machine_Won't_Turn_On_p7_img5.png, retrying in 5 seconds... (Error code: 429 - {'error': {'message': 'Rate limit reached for model `meta-llama/llama-4-scout-17b-16e-instruct` in organization `org_01ka2nr7p4ege85gxyvpf7mmrd` service tier `on_demand` on tokens per day (TPD): Limit 500000, Used 498864, Requested 2729. Please try again in 4m35.2704s. Need more tokens? Upgrade to Dev Tier today at https://console.groq.com/settings/billing', 'type': 'tokens', 'code': 'rate_limit_exceeded'}})
      ⚠️  Error on Washing_Machine_Won't_Turn_On_p7_img5.png, retrying in 5 seconds... (Error code: 429 - {'error': {'message': 'Rate limit reached for model `meta-llama/llama-4-scout-17b-16e-instruct` in organization `org_01ka2nr7p4ege85gxyvpf7mmrd` service tier `on_demand` on tokens per day (TPD): Limit 500000, Used 498833, Requested 2729. Please try again in 4m29.9136s. Need more tokens? Upgrade to Dev Tier today at https://console.groq.com/settings/billing', 'type': 'tokens', 'code': 'rate_limit_exceeded'}})
      ❌ Error on Washing_Machine_Won't_Turn_On_p7_img5.png: Error code: 429 - {'error': {'message': 'Rate limit reached for model `meta-llama/llama-4-scout-17b-16e-instruct` in organization `org_01ka2nr7p4ege85gxyvpf7mmrd` service tier `on_demand` on tokens per day (TPD): Limit 500000, Used 498802, Requested 2729. Please try again in 4m24.5568s. Need more tokens? Upgrade to Dev Tier today at https://console.groq.com/settings/billing', 'type': 'tokens', 'code': 'rate_limit_exceeded'}}
      ⚠️  Error on Washing_Machine_Won't_Turn_On_p7_img6.png, retrying in 5 seconds... (Error code: 429 - {'error': {'message': 'Rate limit reached for model `meta-llama/llama-4-scout-17b-16e-instruct` in organization `org_01ka2nr7p4ege85gxyvpf7mmrd` service tier `on_demand` on tokens per day (TPD): Limit 500000, Used 498801, Requested 2701. Please try again in 4m19.5456s. Need more tokens? Upgrade to Dev Tier today at https://console.groq.com/settings/billing', 'type': 'tokens', 'code': 'rate_limit_exceeded'}})
      ⚠️  Error on Washing_Machine_Won't_Turn_On_p7_img6.png, retrying in 5 seconds... (Error code: 429 - {'error': {'message': 'Rate limit reached for model `meta-llama/llama-4-scout-17b-16e-instruct` in organization `org_01ka2nr7p4ege85gxyvpf7mmrd` service tier `on_demand` on tokens per day (TPD): Limit 500000, Used 498770, Requested 2701. Please try again in 4m14.1888s. Need more tokens? Upgrade to Dev Tier today at https://console.groq.com/settings/billing', 'type': 'tokens', 'code': 'rate_limit_exceeded'}})
      ❌ Error on Washing_Machine_Won't_Turn_On_p7_img6.png: Error code: 429 - {'error': {'message': 'Rate limit reached for model `meta-llama/llama-4-scout-17b-16e-instruct` in organization `org_01ka2nr7p4ege85gxyvpf7mmrd` service tier `on_demand` on tokens per day (TPD): Limit 500000, Used 498739, Requested 2701. Please try again in 4m8.832s. Need more tokens? Upgrade to Dev Tier today at https://console.groq.com/settings/billing', 'type': 'tokens', 'code': 'rate_limit_exceeded'}}
      ⚠️  Error on Washing_Machine_Won't_Turn_On_p7_img7.png, retrying in 5 seconds... (Error code: 429 - {'error': {'message': 'Rate limit reached for model `meta-llama/llama-4-scout-17b-16e-instruct` in organization `org_01ka2nr7p4ege85gxyvpf7mmrd` service tier `on_demand` on tokens per day (TPD): Limit 500000, Used 498738, Requested 2729. Please try again in 4m13.4976s. Need more tokens? Upgrade to Dev Tier today at https://console.groq.com/settings/billing', 'type': 'tokens', 'code': 'rate_limit_exceeded'}})
      ⚠️  Error on Washing_Machine_Won't_Turn_On_p7_img7.png, retrying in 5 seconds... (Error code: 429 - {'error': {'message': 'Rate limit reached for model `meta-llama/llama-4-scout-17b-16e-instruct` in organization `org_01ka2nr7p4ege85gxyvpf7mmrd` service tier `on_demand` on tokens per day (TPD): Limit 500000, Used 498708, Requested 2701. Please try again in 4m3.4752s. Need more tokens? Upgrade to Dev Tier today at https://console.groq.com/settings/billing', 'type': 'tokens', 'code': 'rate_limit_exceeded'}})
      ❌ Error on Washing_Machine_Won't_Turn_On_p7_img7.png: Error code: 429 - {'error': {'message': 'Rate limit reached for model `meta-llama/llama-4-scout-17b-16e-instruct` in organization `org_01ka2nr7p4ege85gxyvpf7mmrd` service tier `on_demand` on tokens per day (TPD): Limit 500000, Used 498676, Requested 2701. Please try again in 3m57.945599999s. Need more tokens? Upgrade to Dev Tier today at https://console.groq.com/settings/billing', 'type': 'tokens', 'code': 'rate_limit_exceeded'}}
      ⚠️  Error on Washing_Machine_Won't_Turn_On_p8_img1.png, retrying in 5 seconds... (Error code: 429 - {'error': {'message': 'Rate limit reached for model `meta-llama/llama-4-scout-17b-16e-instruct` in organization `org_01ka2nr7p4ege85gxyvpf7mmrd` service tier `on_demand` on tokens per day (TPD): Limit 500000, Used 498676, Requested 2640. Please try again in 3m47.4048s. Need more tokens? Upgrade to Dev Tier today at https://console.groq.com/settings/billing', 'type': 'tokens', 'code': 'rate_limit_exceeded'}})
      ⚠️  Error on Washing_Machine_Won't_Turn_On_p8_img1.png, retrying in 5 seconds... (Error code: 429 - {'error': {'message': 'Rate limit reached for model `meta-llama/llama-4-scout-17b-16e-instruct` in organization `org_01ka2nr7p4ege85gxyvpf7mmrd` service tier `on_demand` on tokens per day (TPD): Limit 500000, Used 498645, Requested 2668. Please try again in 3m46.886399999s. Need more tokens? Upgrade to Dev Tier today at https://console.groq.com/settings/billing', 'type': 'tokens', 'code': 'rate_limit_exceeded'}})
      ❌ Error on Washing_Machine_Won't_Turn_On_p8_img1.png: Error code: 429 - {'error': {'message': 'Rate limit reached for model `meta-llama/llama-4-scout-17b-16e-instruct` in organization `org_01ka2nr7p4ege85gxyvpf7mmrd` service tier `on_demand` on tokens per day (TPD): Limit 500000, Used 498615, Requested 2668. Please try again in 3m41.7024s. Need more tokens? Upgrade to Dev Tier today at https://console.groq.com/settings/billing', 'type': 'tokens', 'code': 'rate_limit_exceeded'}}
      ⚠️  Error on Washing_Machine_Won't_Turn_On_p8_img2.png, retrying in 5 seconds... (Error code: 429 - {'error': {'message': 'Rate limit reached for model `meta-llama/llama-4-scout-17b-16e-instruct` in organization `org_01ka2nr7p4ege85gxyvpf7mmrd` service tier `on_demand` on tokens per day (TPD): Limit 500000, Used 498614, Requested 2640. Please try again in 3m36.691199999s. Need more tokens? Upgrade to Dev Tier today at https://console.groq.com/settings/billing', 'type': 'tokens', 'code': 'rate_limit_exceeded'}})
      ⚠️  Error on Washing_Machine_Won't_Turn_On_p8_img2.png, retrying in 5 seconds... (Error code: 429 - {'error': {'message': 'Rate limit reached for model `meta-llama/llama-4-scout-17b-16e-instruct` in organization `org_01ka2nr7p4ege85gxyvpf7mmrd` service tier `on_demand` on tokens per day (TPD): Limit 500000, Used 498580, Requested 2640. Please try again in 3m30.816s. Need more tokens? Upgrade to Dev Tier today at https://console.groq.com/settings/billing', 'type': 'tokens', 'code': 'rate_limit_exceeded'}})
      ❌ Error on Washing_Machine_Won't_Turn_On_p8_img2.png: Error code: 429 - {'error': {'message': 'Rate limit reached for model `meta-llama/llama-4-scout-17b-16e-instruct` in organization `org_01ka2nr7p4ege85gxyvpf7mmrd` service tier `on_demand` on tokens per day (TPD): Limit 500000, Used 498543, Requested 2640. Please try again in 3m24.4224s. Need more tokens? Upgrade to Dev Tier today at https://console.groq.com/settings/billing', 'type': 'tokens', 'code': 'rate_limit_exceeded'}}
   💾 Saved 0 new entries from Washing Machine Won't Turn On.pdf. Total DB: 108

--- 🎉 ALL PDFS PROCESSED SUCCESSFULLY ---
